Cust Id,Months Since Last Buy,Spend Category,Spend Numeric,Mens Merchandise,Womens Merchandise,Area,New Customer,Purchase Channel,Visited Website,Sale Made
55,1,1) $0 - $100,29.99,1,0,Surburban,1,Phone,0,1
166,1,1) $0 - $100,29.99,1,0,Surburban,1,Web,0,1
17,2,1) $0 - $100,29.99,0,1,Urban,1,Phone,1,1
296,1,1) $0 - $100,29.99,1,0,Rural,0,Phone,0,1
1013,1,1) $0 - $100,29.99,0,1,Rural,1,Web,0,1
1034,1,1) $0 - $100,29.99,1,0,Rural,1,Phone,0,1
101,9,1) $0 - $100,29.99,0,1,Surburban,0,Web,1,1
1112,1,1) $0 - $100,29.99,0,1,Urban,1,Web,0,1
210,2,1) $0 - $100,29.99,1,0,Rural,1,Phone,1,1
1978,1,1) $0 - $100,29.99,0,1,Surburban,1,Web,0,1
583,1,1) $0 - $100,33.46,1,0,Rural,0,Phone,0,1
673,1,1) $0 - $100,35.7,1,0,Rural,1,Web,0,1
1362,1,1) $0 - $100,36.69,0,1,Urban,1,Web,0,1
854,1,1) $0 - $100,54.18,0,1,Urban,1,Phone,0,1
340,1,1) $0 - $100,56.79,0,1,Urban,0,Phone,0,1
260,10,1) $0 - $100,29.99,1,0,Surburban,0,Web,1,1
323,5,1) $0 - $100,29.99,1,0,Surburban,1,Phone,1,1
462,9,1) $0 - $100,29.99,0,1,Urban,1,Web,1,1
1634,1,1) $0 - $100,73.96,0,1,Urban,0,Phone,0,1
1254,1,2) $100 - $200,100.34,0,1,Urban,0,Web,0,1
1600,1,2) $100 - $200,103.95,1,0,Urban,0,Phone,0,1
471,1,2) $100 - $200,112.58,0,1,Urban,1,Phone,0,1
1677,1,2) $100 - $200,119.9,0,1,Surburban,0,Web,0,1
892,1,2) $100 - $200,140.43,0,1,Urban,1,Phone,0,1
1717,1,2) $100 - $200,150.19,1,0,Surburban,0,Web,0,1
1295,10,1) $0 - $100,29.99,0,1,Surburban,0,Web,1,1
1784,1,2) $100 - $200,163.62,0,1,Urban,0,Web,0,1
1382,1,1) $0 - $100,29.99,1,0,Rural,1,Phone,1,1
1387,8,1) $0 - $100,29.99,1,0,Urban,1,Phone,1,1
425,1,2) $100 - $200,180.41,1,0,Urban,1,Web,0,1
1770,1,2) $100 - $200,187.79,0,1,Urban,1,Phone,0,1
1428,11,1) $0 - $100,29.99,1,0,Surburban,0,Web,1,1
1535,1,2) $100 - $200,197.59,1,0,Surburban,0,Phone,0,1
1590,9,1) $0 - $100,29.99,0,1,Rural,1,Phone,1,1
1632,12,1) $0 - $100,29.99,1,0,Surburban,1,Web,1,1
253,1,3) $200 - $350,219.57,1,1,Rural,1,Phone,0,1
891,1,3) $200 - $350,249.24,0,1,Urban,1,Multichannel,0,1
1899,10,1) $0 - $100,29.99,0,1,Surburban,1,Web,1,1
1248,1,3) $200 - $350,283.63,0,1,Surburban,1,Phone,0,1
1933,1,1) $0 - $100,29.99,0,1,Urban,0,Phone,1,1
1046,1,3) $200 - $350,332.55,1,0,Surburban,1,Phone,0,1
1096,1,4) $350 - $500,406.33,0,1,Surburban,0,Web,1,1
383,1,4) $350 - $500,421.37,0,1,Urban,1,Web,1,1
1992,1,1) $0 - $100,29.99,1,0,Surburban,0,Phone,1,1
615,2,1) $0 - $100,30.4,1,0,Urban,0,Web,1,1
982,10,1) $0 - $100,32.04,1,0,Urban,1,Web,1,1
106,1,4) $350 - $500,457.23,1,1,Surburban,0,Phone,0,1
1209,4,1) $0 - $100,36.45,1,0,Urban,0,Web,1,1
1560,11,1) $0 - $100,36.51,0,1,Surburban,1,Web,1,1
872,1,5) $500 - $750,527.5,0,1,Surburban,1,Multichannel,0,1
199,1,5) $500 - $750,563.7,1,0,Surburban,1,Multichannel,1,1
897,1,5) $500 - $750,593.73,1,0,Surburban,1,Phone,1,1
1134,1,5) $500 - $750,640.58,0,1,Urban,1,Phone,0,1
1624,8,1) $0 - $100,36.72,0,1,Surburban,1,Web,1,1
322,11,1) $0 - $100,37.56,1,0,Surburban,0,Web,1,1
1881,10,1) $0 - $100,37.6,1,0,Surburban,0,Web,1,1
1549,7,1) $0 - $100,38.07,0,1,Surburban,1,Phone,1,1
480,2,1) $0 - $100,29.99,0,1,Rural,0,Phone,0,1
722,2,1) $0 - $100,29.99,1,0,Surburban,0,Phone,0,1
810,7,1) $0 - $100,40.78,1,0,Surburban,1,Phone,1,1
344,10,1) $0 - $100,43.64,0,1,Surburban,0,Web,1,1
1170,2,1) $0 - $100,29.99,0,1,Surburban,0,Phone,0,1
412,2,1) $0 - $100,35.47,1,0,Surburban,0,Web,0,1
1164,11,1) $0 - $100,45.36,1,0,Rural,0,Phone,1,1
1820,2,1) $0 - $100,38.68,0,1,Surburban,0,Phone,0,1
895,2,1) $0 - $100,39.47,1,0,Surburban,0,Phone,0,1
1907,2,1) $0 - $100,50.37,1,0,Urban,0,Phone,0,1
1777,2,1) $0 - $100,53.45,1,0,Urban,0,Phone,0,1
1838,2,1) $0 - $100,56.25,1,0,Surburban,1,Phone,0,1
98,2,1) $0 - $100,59.95,0,1,Urban,1,Web,0,1
578,2,1) $0 - $100,49.6,1,0,Rural,1,Web,1,1
45,2,1) $0 - $100,50.39,1,0,Urban,0,Web,1,1
384,2,1) $0 - $100,69.29,1,0,Surburban,0,Web,0,1
1989,2,1) $0 - $100,76.68,1,0,Urban,1,Web,0,1
1196,2,1) $0 - $100,80.09,1,0,Urban,0,Web,0,1
649,2,1) $0 - $100,85.62,1,0,Urban,1,Phone,0,1
1158,2,1) $0 - $100,86.38,1,0,Urban,1,Web,0,1
102,10,1) $0 - $100,52.27,0,1,Urban,1,Web,1,1
493,2,1) $0 - $100,88.22,1,0,Urban,0,Web,0,1
759,2,1) $0 - $100,90.91,1,0,Surburban,0,Web,0,1
146,9,1) $0 - $100,52.34,1,0,Urban,0,Phone,1,1
1707,2,1) $0 - $100,92.26,0,1,Rural,1,Phone,0,1
1348,2,2) $100 - $200,110.28,1,0,Surburban,0,Phone,0,1
188,9,1) $0 - $100,57.75,1,0,Surburban,1,Web,1,1
238,2,2) $100 - $200,110.72,1,0,Surburban,0,Web,0,1
275,2,2) $100 - $200,122.01,0,1,Urban,1,Web,0,1
1518,4,1) $0 - $100,59.03,0,1,Urban,0,Web,1,1
304,2,2) $100 - $200,128.16,1,0,Urban,0,Web,0,1
324,2,2) $100 - $200,129.73,1,0,Surburban,0,Web,0,1
1948,1,1) $0 - $100,60.83,1,0,Urban,0,Web,1,1
679,6,1) $0 - $100,61.08,1,0,Surburban,0,Phone,1,1
1787,7,1) $0 - $100,64.13,1,0,Urban,1,Phone,1,1
1579,2,3) $200 - $350,202.92,0,1,Surburban,0,Phone,0,1
378,11,1) $0 - $100,65.67,1,0,Rural,1,Web,1,1
1633,6,1) $0 - $100,68.67,0,1,Surburban,1,Web,1,1
1129,2,1) $0 - $100,71.05,1,0,Urban,0,Phone,1,1
500,3,1) $0 - $100,72.07,1,0,Surburban,0,Phone,1,1
1851,1,1) $0 - $100,72.2,1,0,Surburban,1,Web,1,1
1118,1,1) $0 - $100,73.3,0,1,Urban,0,Phone,1,1
838,1,1) $0 - $100,74.54,1,0,Rural,0,Phone,1,1
284,1,1) $0 - $100,75.85,0,1,Rural,0,Web,1,1
772,3,1) $0 - $100,29.99,0,1,Urban,1,Phone,0,1
1278,3,1) $0 - $100,29.99,0,1,Urban,1,Phone,0,1
1332,3,1) $0 - $100,29.99,0,1,Urban,1,Phone,0,1
1486,3,1) $0 - $100,29.99,1,0,Surburban,0,Phone,0,1
28,4,1) $0 - $100,79.8,0,1,Rural,0,Web,1,1
1783,3,1) $0 - $100,29.99,1,0,Urban,1,Phone,0,1
999,2,1) $0 - $100,80.44,0,1,Surburban,0,Phone,1,1
1431,3,1) $0 - $100,34.37,1,0,Surburban,1,Web,0,1
99,3,1) $0 - $100,49.76,0,1,Surburban,1,Phone,0,1
948,9,1) $0 - $100,83.91,0,1,Rural,0,Web,1,1
1190,3,1) $0 - $100,50.47,1,0,Rural,1,Phone,0,1
1763,3,1) $0 - $100,52.7,0,1,Surburban,1,Phone,0,1
354,3,1) $0 - $100,57.94,1,0,Surburban,1,Phone,0,1
64,3,1) $0 - $100,64.43,1,0,Surburban,1,Phone,0,1
315,3,1) $0 - $100,70.91,0,1,Urban,1,Web,0,1
1635,3,1) $0 - $100,82.87,1,0,Rural,1,Phone,0,1
341,2,1) $0 - $100,87.27,0,1,Urban,0,Web,1,1
622,3,1) $0 - $100,86.33,0,1,Surburban,0,Phone,0,1
904,3,1) $0 - $100,89.19,0,1,Urban,1,Phone,0,1
124,3,2) $100 - $200,108.38,1,0,Rural,1,Phone,0,1
1037,10,1) $0 - $100,90.29,1,0,Surburban,1,Web,1,1
446,6,1) $0 - $100,93.58,0,1,Rural,0,Web,1,1
1430,10,1) $0 - $100,95.76,1,0,Urban,0,Web,1,1
522,3,2) $100 - $200,127.82,0,1,Surburban,1,Phone,0,1
1028,3,2) $100 - $200,151.54,1,0,Surburban,0,Web,0,1
694,7,1) $0 - $100,99.55,0,1,Rural,0,Phone,1,1
1850,6,1) $0 - $100,99.97,1,0,Urban,1,Web,1,1
1392,12,2) $100 - $200,101.24,0,1,Surburban,1,Phone,1,1
1289,5,2) $100 - $200,102.32,0,1,Urban,1,Phone,1,1
1491,6,2) $100 - $200,103.33,1,0,Urban,1,Web,1,1
1198,1,2) $100 - $200,106.27,0,1,Surburban,1,Web,1,1
1218,10,2) $100 - $200,107.64,1,0,Surburban,0,Web,1,1
257,4,1) $0 - $100,29.99,0,1,Surburban,1,Web,0,1
815,4,1) $0 - $100,29.99,0,1,Urban,1,Phone,0,1
505,11,2) $100 - $200,109.19,0,1,Surburban,1,Web,1,1
1461,4,1) $0 - $100,29.99,1,0,Surburban,0,Web,0,1
1570,4,1) $0 - $100,29.99,0,1,Urban,1,Phone,0,1
1825,4,1) $0 - $100,29.99,0,1,Surburban,0,Phone,0,1
1796,4,1) $0 - $100,31.67,1,0,Urban,0,Web,0,1
780,4,1) $0 - $100,48.13,0,1,Surburban,1,Web,0,1
1255,1,2) $100 - $200,118.42,0,1,Urban,1,Phone,1,1
387,4,1) $0 - $100,62.87,1,0,Urban,1,Web,0,1
1339,1,2) $100 - $200,125.29,1,0,Surburban,1,Phone,1,1
278,4,1) $0 - $100,85.84,1,0,Surburban,1,Web,0,1
1694,3,2) $100 - $200,125.78,0,1,Urban,0,Phone,1,1
1009,3,2) $100 - $200,129.42,0,1,Urban,1,Web,1,1
684,4,1) $0 - $100,86.79,0,1,Rural,0,Phone,0,1
910,8,2) $100 - $200,135.08,0,1,Surburban,1,Phone,1,1
932,4,1) $0 - $100,95.75,1,0,Surburban,0,Phone,0,1
645,4,1) $0 - $100,96.11,0,1,Urban,0,Phone,0,1
224,1,2) $100 - $200,136.67,1,0,Rural,1,Phone,1,1
721,3,2) $100 - $200,144.35,0,1,Surburban,0,Web,1,1
1056,4,2) $100 - $200,122.2,0,1,Surburban,1,Phone,0,1
565,4,2) $100 - $200,152.88,1,0,Urban,1,Phone,0,1
1976,7,2) $100 - $200,147.99,1,0,Urban,0,Phone,1,1
1716,9,2) $100 - $200,151.14,1,0,Surburban,0,Phone,1,1
1807,3,2) $100 - $200,158.75,0,1,Surburban,0,Web,1,1
1165,3,2) $100 - $200,159.22,1,0,Rural,0,Phone,1,1
1152,4,2) $100 - $200,161.46,1,0,Urban,0,Web,1,1
2047,3,2) $100 - $200,164.38,1,0,Urban,0,Web,1,1
1685,7,2) $100 - $200,167.92,0,1,Surburban,0,Phone,1,1
1722,10,2) $100 - $200,169.64,0,1,Surburban,0,Web,1,1
1710,1,2) $100 - $200,169.88,1,0,Surburban,1,Web,1,1
133,5,1) $0 - $100,29.99,1,0,Rural,1,Web,0,1
1117,8,2) $100 - $200,170.27,0,1,Surburban,0,Phone,1,1
288,5,1) $0 - $100,29.99,0,1,Urban,0,Web,0,1
698,5,1) $0 - $100,29.99,0,1,Urban,0,Phone,0,1
1954,4,2) $100 - $200,172.92,0,1,Urban,0,Web,1,1
1320,5,1) $0 - $100,50.46,1,0,Surburban,0,Web,0,1
1105,9,2) $100 - $200,173.88,0,1,Surburban,0,Phone,1,1
2002,1,2) $100 - $200,174.19,0,1,Urban,0,Web,1,1
595,6,2) $100 - $200,177.3,1,0,Surburban,0,Phone,1,1
22,5,2) $100 - $200,178.06,1,0,Surburban,0,Phone,1,1
1236,7,2) $100 - $200,180.59,1,0,Urban,1,Phone,1,1
920,4,2) $100 - $200,182.85,0,1,Rural,0,Web,1,1
1836,8,2) $100 - $200,188.27,0,1,Rural,0,Phone,1,1
270,8,2) $100 - $200,196.48,0,1,Urban,0,Web,1,1
1791,10,2) $100 - $200,197.61,1,0,Rural,1,Web,1,1
1082,10,2) $100 - $200,197.87,1,0,Urban,0,Web,1,1
1657,6,2) $100 - $200,198.46,1,0,Surburban,1,Web,1,1
144,7,3) $200 - $350,200.53,0,1,Rural,0,Web,1,1
785,6,1) $0 - $100,29.99,0,1,Urban,1,Web,0,1
1331,10,3) $200 - $350,202.58,1,0,Surburban,0,Web,1,1
1137,6,1) $0 - $100,40.24,1,0,Surburban,1,Phone,0,1
658,6,1) $0 - $100,46.74,1,0,Urban,0,Phone,0,1
1705,9,3) $200 - $350,212.05,0,1,Surburban,0,Phone,1,1
1243,2,3) $200 - $350,215.61,1,0,Rural,0,Web,1,1
1593,1,3) $200 - $350,216.47,0,1,Urban,0,Multichannel,1,1
473,10,3) $200 - $350,216.77,1,1,Urban,1,Multichannel,1,1
1530,6,1) $0 - $100,83.58,0,1,Surburban,0,Phone,0,1
393,12,3) $200 - $350,225.29,1,0,Surburban,1,Web,1,1
878,2,3) $200 - $350,227.67,1,1,Surburban,1,Web,1,1
1027,9,3) $200 - $350,228.59,0,1,Surburban,0,Web,1,1
1917,1,3) $200 - $350,233.7,1,0,Urban,0,Phone,1,1
1587,4,3) $200 - $350,234.88,1,0,Urban,0,Web,1,1
113,2,3) $200 - $350,237.92,0,1,Urban,0,Web,1,1
1608,10,3) $200 - $350,237.92,1,0,Urban,0,Phone,1,1
1891,1,3) $200 - $350,239.11,0,1,Urban,0,Multichannel,1,1
625,1,3) $200 - $350,239.33,1,0,Surburban,1,Phone,1,1
1914,2,3) $200 - $350,242.13,1,0,Rural,0,Phone,1,1
300,7,1) $0 - $100,29.99,1,0,Urban,1,Web,0,1
804,1,3) $200 - $350,243.77,1,0,Rural,0,Phone,1,1
1258,1,3) $200 - $350,245.63,1,1,Urban,0,Phone,1,1
518,7,1) $0 - $100,29.99,0,1,Surburban,0,Web,0,1
1484,7,1) $0 - $100,29.99,1,0,Surburban,1,Web,0,1
701,10,3) $200 - $350,248.41,1,1,Surburban,0,Multichannel,1,1
971,1,3) $200 - $350,251.61,1,0,Urban,0,Web,1,1
1771,1,3) $200 - $350,252.82,1,1,Surburban,0,Phone,1,1
1654,2,3) $200 - $350,253.54,1,0,Surburban,0,Web,1,1
561,7,1) $0 - $100,36.5,1,0,Urban,0,Phone,0,1
48,12,3) $200 - $350,256.16,0,1,Urban,0,Web,1,1
813,7,1) $0 - $100,76.93,1,0,Urban,0,Phone,0,1
51,3,3) $200 - $350,256.23,1,0,Rural,0,Multichannel,1,1
217,7,3) $200 - $350,260.26,1,0,Surburban,1,Phone,1,1
1429,7,2) $100 - $200,139.53,0,1,Surburban,1,Phone,0,1
2030,1,3) $200 - $350,265.69,0,1,Rural,0,Web,1,1
1553,2,3) $200 - $350,266.18,1,0,Urban,0,Web,1,1
297,7,2) $100 - $200,141.36,0,1,Surburban,1,Phone,0,1
2007,7,2) $100 - $200,185.73,1,0,Surburban,0,Phone,0,1
1837,9,3) $200 - $350,269.65,0,1,Surburban,0,Web,1,1
1765,4,3) $200 - $350,276.33,1,0,Surburban,1,Web,1,1
986,7,3) $200 - $350,281.73,1,1,Urban,0,Phone,1,1
848,10,3) $200 - $350,284.91,0,1,Urban,0,Phone,1,1
2045,9,3) $200 - $350,285.21,1,0,Surburban,1,Phone,1,1
1223,11,1) $0 - $100,39.62,1,0,Urban,0,Phone,1,1
1567,7,3) $200 - $350,288.4,0,1,Surburban,0,Web,1,1
1397,6,3) $200 - $350,288.62,0,1,Urban,0,Multichannel,1,1
1809,7,3) $200 - $350,289.85,0,1,Surburban,1,Web,1,1
1184,2,3) $200 - $350,289.96,1,1,Urban,0,Multichannel,1,1
963,9,3) $200 - $350,297.59,0,1,Surburban,1,Phone,1,1
928,3,3) $200 - $350,297.9,1,1,Surburban,0,Web,1,1
1368,8,1) $0 - $100,29.99,1,0,Urban,0,Phone,0,1
1640,8,1) $0 - $100,29.99,0,1,Urban,1,Phone,0,1
749,5,3) $200 - $350,301.42,1,1,Surburban,0,Phone,1,1
1996,8,1) $0 - $100,77.33,0,1,Urban,1,Phone,0,1
519,8,1) $0 - $100,78.95,1,0,Urban,0,Phone,0,1
54,10,3) $200 - $350,304.63,1,1,Surburban,0,Phone,1,1
1434,9,3) $200 - $350,304.79,0,1,Rural,0,Web,1,1
665,1,3) $200 - $350,308.57,1,0,Urban,0,Web,1,1
421,3,3) $200 - $350,316.24,1,0,Rural,1,Phone,1,1
541,1,3) $200 - $350,319.65,1,1,Surburban,1,Web,1,1
1338,8,3) $200 - $350,321.26,1,0,Urban,0,Multichannel,1,1
1548,4,3) $200 - $350,326.55,1,0,Surburban,0,Web,1,1
1318,9,3) $200 - $350,333.02,1,0,Urban,1,Web,1,1
46,9,1) $0 - $100,29.99,1,0,Surburban,0,Phone,0,1
149,9,1) $0 - $100,29.99,0,1,Surburban,1,Web,0,1
705,1,3) $200 - $350,338.79,1,1,Urban,0,Web,1,1
5,7,3) $200 - $350,340.69,0,1,Surburban,0,Phone,1,1
1161,4,3) $200 - $350,342.91,1,0,Urban,0,Phone,1,1
1093,3,3) $200 - $350,346.88,1,1,Urban,0,Phone,1,1
1894,10,3) $200 - $350,347.6,1,1,Rural,0,Multichannel,1,1
168,9,1) $0 - $100,41.85,0,1,Surburban,0,Web,0,1
302,9,1) $0 - $100,43.37,1,0,Surburban,1,Phone,0,1
303,5,3) $200 - $350,349.59,1,1,Surburban,0,Phone,1,1
527,9,1) $0 - $100,44.72,1,0,Urban,1,Web,0,1
1207,7,4) $350 - $500,351.41,0,1,Surburban,0,Multichannel,1,1
290,9,1) $0 - $100,58.02,0,1,Surburban,0,Web,0,1
1451,4,4) $350 - $500,354.32,0,1,Surburban,1,Web,1,1
1573,3,4) $350 - $500,356.82,1,1,Surburban,0,Web,1,1
1826,9,1) $0 - $100,60.35,1,0,Urban,1,Phone,0,1
682,1,4) $350 - $500,357.99,1,0,Urban,0,Multichannel,1,1
1343,9,1) $0 - $100,71.94,0,1,Rural,0,Web,0,1
1819,9,1) $0 - $100,72.97,1,0,Urban,1,Web,0,1
311,1,4) $350 - $500,358.34,1,0,Urban,0,Phone,1,1
713,2,4) $350 - $500,359.23,1,0,Urban,0,Multichannel,1,1
1759,9,1) $0 - $100,74.16,1,0,Urban,1,Web,0,1
823,9,1) $0 - $100,81.36,0,1,Surburban,1,Phone,0,1
406,9,4) $350 - $500,360.66,1,0,Surburban,0,Multichannel,1,1
979,9,2) $100 - $200,100.65,1,0,Surburban,1,Web,0,1
633,9,2) $100 - $200,116.2,1,0,Urban,0,Phone,0,1
2050,2,4) $350 - $500,363.58,0,1,Rural,0,Web,1,1
704,1,4) $350 - $500,365.79,1,0,Urban,0,Phone,1,1
1287,8,4) $350 - $500,367.41,1,0,Urban,1,Web,1,1
402,9,2) $100 - $200,145.82,1,0,Surburban,0,Phone,0,1
79,4,4) $350 - $500,370.88,1,1,Urban,1,Web,1,1
1229,2,4) $350 - $500,378.5,0,1,Urban,0,Web,1,1
1958,10,4) $350 - $500,380.72,0,1,Surburban,0,Web,1,1
661,3,4) $350 - $500,382.37,1,1,Urban,1,Multichannel,1,1
228,12,4) $350 - $500,382.96,1,1,Urban,0,Multichannel,1,1
1596,5,4) $350 - $500,388.14,1,0,Surburban,1,Web,1,1
350,1,4) $350 - $500,393.37,0,1,Surburban,0,Phone,1,1
1585,6,4) $350 - $500,405.44,1,0,Surburban,0,Phone,1,1
1959,3,4) $350 - $500,406.71,0,1,Surburban,0,Web,1,1
1970,2,4) $350 - $500,407.52,0,1,Surburban,1,Phone,1,1
1609,2,4) $350 - $500,409.09,0,1,Rural,0,Web,1,1
127,4,4) $350 - $500,416.46,0,1,Surburban,0,Phone,1,1
245,1,4) $350 - $500,419.62,1,1,Surburban,0,Multichannel,1,1
1038,2,4) $350 - $500,421.74,0,1,Urban,0,Web,1,1
1753,2,4) $350 - $500,425.85,1,1,Surburban,0,Multichannel,1,1
1010,10,1) $0 - $100,29.99,1,0,Rural,0,Web,0,1
1176,10,1) $0 - $100,29.99,0,1,Rural,0,Web,0,1
273,3,4) $350 - $500,427.13,0,1,Surburban,0,Web,1,1
550,5,4) $350 - $500,429.66,0,1,Rural,0,Multichannel,1,1
182,6,4) $350 - $500,430.65,1,1,Urban,0,Multichannel,1,1
1076,9,4) $350 - $500,440.72,1,0,Surburban,0,Multichannel,1,1
1762,10,1) $0 - $100,29.99,0,1,Surburban,0,Phone,0,1
1363,10,1) $0 - $100,33.57,1,0,Urban,0,Phone,0,1
1166,10,1) $0 - $100,37.18,1,0,Urban,1,Phone,0,1
160,3,4) $350 - $500,447.06,1,1,Urban,1,Phone,1,1
814,7,4) $350 - $500,453.52,1,1,Surburban,0,Phone,1,1
1607,10,1) $0 - $100,38.58,0,1,Surburban,1,Phone,0,1
843,1,4) $350 - $500,465.8,1,0,Surburban,0,Web,1,1
707,5,4) $350 - $500,477.28,1,1,Urban,0,Multichannel,1,1
1761,10,1) $0 - $100,44.19,0,1,Urban,1,Web,0,1
1606,10,1) $0 - $100,47.99,1,0,Surburban,1,Web,0,1
1456,10,1) $0 - $100,54.25,0,1,Surburban,0,Web,0,1
912,1,4) $350 - $500,486.48,1,0,Urban,0,Web,1,1
93,2,4) $350 - $500,492.73,0,1,Surburban,0,Multichannel,1,1
776,2,4) $350 - $500,496.21,1,1,Surburban,0,Multichannel,1,1
1426,10,1) $0 - $100,60.91,1,0,Rural,1,Phone,0,1
570,10,1) $0 - $100,68.83,0,1,Urban,1,Phone,0,1
482,9,4) $350 - $500,497.55,0,1,Surburban,0,Web,1,1
1133,4,4) $350 - $500,498.04,0,1,Urban,1,Phone,1,1
1878,10,1) $0 - $100,77.11,1,0,Surburban,1,Web,0,1
1924,2,4) $350 - $500,499.62,0,1,Rural,1,Phone,1,1
552,5,5) $500 - $750,504.95,1,0,Surburban,1,Multichannel,1,1
1966,10,1) $0 - $100,86.18,0,1,Urban,1,Web,0,1
401,10,1) $0 - $100,87.39,1,0,Surburban,1,Web,0,1
674,10,5) $500 - $750,525.36,1,0,Urban,1,Phone,1,1
21,10,1) $0 - $100,91.42,1,0,Urban,1,Phone,0,1
361,1,5) $500 - $750,525.75,1,1,Urban,1,Multichannel,1,1
1271,10,5) $500 - $750,528.77,1,0,Surburban,1,Phone,1,1
1672,10,1) $0 - $100,93.67,0,1,Urban,1,Phone,0,1
1412,1,5) $500 - $750,564.19,0,1,Surburban,1,Multichannel,1,1
1678,1,5) $500 - $750,569.13,1,0,Surburban,1,Phone,1,1
1234,10,2) $100 - $200,171.19,0,1,Surburban,0,Web,0,1
242,10,2) $100 - $200,181.67,1,0,Urban,1,Web,0,1
464,2,5) $500 - $750,573,1,1,Surburban,1,Phone,1,1
1971,7,5) $500 - $750,578.79,0,1,Rural,1,Phone,1,1
373,8,5) $500 - $750,595.51,0,1,Urban,1,Web,1,1
1788,2,5) $500 - $750,599.19,0,1,Surburban,1,Multichannel,1,1
1871,2,5) $500 - $750,601.16,1,1,Urban,1,Web,1,1
1487,1,5) $500 - $750,611.91,1,1,Rural,1,Phone,1,1
197,1,5) $500 - $750,615.53,1,0,Urban,1,Multichannel,1,1
1026,9,5) $500 - $750,618.2,1,1,Surburban,1,Multichannel,1,1
1420,6,5) $500 - $750,625.48,1,1,Surburban,1,Web,1,1
737,1,5) $500 - $750,644.18,1,1,Surburban,1,Web,1,1
332,9,5) $500 - $750,659.02,1,1,Urban,1,Phone,1,1
1661,9,5) $500 - $750,664.73,1,0,Surburban,1,Multichannel,1,1
1432,5,5) $500 - $750,676.78,1,0,Surburban,1,Multichannel,1,1
1107,3,5) $500 - $750,707.31,1,0,Surburban,1,Web,1,1
1846,11,1) $0 - $100,65.66,1,0,Surburban,1,Phone,0,1
184,1,5) $500 - $750,716.38,1,1,Rural,1,Multichannel,1,1
589,11,1) $0 - $100,82.2,1,0,Surburban,1,Phone,0,1
898,11,1) $0 - $100,84,1,0,Urban,1,Web,0,1
1293,11,1) $0 - $100,94.23,0,1,Urban,0,Web,0,1
198,2,5) $500 - $750,740.96,1,1,Urban,1,Phone,1,1
1507,4,"6) $750 - $1,000",774.59,0,1,Rural,1,Multichannel,1,1
495,3,"6) $750 - $1,000",790.75,0,1,Rural,1,Web,1,1
523,1,"6) $750 - $1,000",792.15,1,1,Surburban,1,Phone,1,1
247,11,2) $100 - $200,133.15,1,0,Urban,1,Phone,0,1
874,3,"6) $750 - $1,000",799.28,1,1,Urban,1,Multichannel,1,1
1231,9,"6) $750 - $1,000",801.91,0,1,Urban,1,Phone,1,1
71,3,"6) $750 - $1,000",806.73,1,0,Urban,1,Phone,1,1
1041,10,"6) $750 - $1,000",814.13,1,0,Urban,1,Multichannel,1,1
1454,11,2) $100 - $200,182.3,0,1,Surburban,1,Web,0,1
1057,3,"6) $750 - $1,000",821.09,1,1,Urban,1,Phone,1,1
1463,1,"6) $750 - $1,000",851.87,1,1,Surburban,1,Phone,1,1
274,5,"6) $750 - $1,000",865.86,1,0,Urban,1,Multichannel,1,1
796,1,"6) $750 - $1,000",870.02,0,1,Surburban,1,Phone,1,1
1700,3,"6) $750 - $1,000",880.15,1,1,Urban,1,Multichannel,1,1
656,1,"6) $750 - $1,000",891.13,1,1,Urban,1,Web,1,1
769,2,"6) $750 - $1,000",916.47,0,1,Surburban,1,Web,1,1
1355,2,"6) $750 - $1,000",949.57,0,1,Urban,1,Multichannel,1,1
856,2,"6) $750 - $1,000",975.25,1,1,Urban,1,Web,1,1
1816,2,"7) $1,000 +",1005.18,1,1,Urban,1,Web,1,1
68,12,1) $0 - $100,29.99,0,1,Surburban,1,Phone,0,1
1923,3,"7) $1,000 +",1020.83,0,1,Surburban,1,Phone,1,1
1102,12,1) $0 - $100,31.21,1,0,Urban,1,Phone,0,1
1494,1,"7) $1,000 +",1075.99,0,1,Surburban,1,Phone,1,1
1849,12,1) $0 - $100,63.28,1,0,Urban,1,Phone,0,1
2044,1,"7) $1,000 +",1101.71,1,1,Surburban,1,Web,1,1
778,3,"7) $1,000 +",1161.56,1,1,Urban,1,Web,1,1
2053,12,2) $100 - $200,149.17,1,0,Urban,1,Web,0,1
437,1,"7) $1,000 +",1173.86,0,1,Urban,1,Phone,1,1
1811,4,"7) $1,000 +",1317.57,1,1,Surburban,1,Multichannel,1,1
1325,1,"7) $1,000 +",1400.87,1,1,Surburban,1,Multichannel,1,1
714,1,"7) $1,000 +",1747.62,0,1,Surburban,1,Multichannel,1,1
2052,1,"7) $1,000 +",1853.66,1,1,Rural,1,Phone,1,1
1803,1,"7) $1,000 +",2141.12,0,1,Surburban,1,Web,1,1
1,4,3) $200 - $350,243.46,0,1,Urban,0,Web,1,0
214,1,1) $0 - $100,29.99,0,1,Urban,1,Phone,0,0
447,1,1) $0 - $100,29.99,0,1,Surburban,0,Web,0,0
472,1,1) $0 - $100,29.99,1,0,Urban,0,Phone,0,0
631,1,1) $0 - $100,29.99,0,1,Surburban,0,Phone,0,0
731,1,1) $0 - $100,29.99,1,0,Urban,1,Phone,0,0
11,7,1) $0 - $100,48.47,1,0,Rural,1,Phone,1,0
775,1,1) $0 - $100,29.99,1,0,Surburban,0,Phone,0,0
13,11,1) $0 - $100,78.74,0,1,Surburban,1,Phone,1,0
14,8,1) $0 - $100,52.37,0,1,Urban,1,Web,1,0
18,1,4) $350 - $500,399.72,1,1,Surburban,0,Phone,1,0
1069,1,1) $0 - $100,29.99,0,1,Urban,1,Web,0,0
1192,1,1) $0 - $100,29.99,1,0,Surburban,1,Web,0,0
120,3,1) $0 - $100,29.99,1,0,Rural,1,Phone,1,0
1241,1,1) $0 - $100,29.99,1,0,Surburban,0,Web,0,0
1283,1,1) $0 - $100,29.99,0,1,Rural,0,Web,0,0
1410,1,1) $0 - $100,29.99,0,1,Rural,1,Web,0,0
1501,1,1) $0 - $100,29.99,1,0,Rural,0,Web,0,0
1764,1,1) $0 - $100,29.99,1,0,Rural,1,Web,0,0
30,5,3) $200 - $350,258.91,0,1,Urban,1,Web,1,0
1417,1,1) $0 - $100,30.39,0,1,Rural,1,Web,0,0
100,1,1) $0 - $100,32.58,0,1,Surburban,1,Phone,0,0
983,1,1) $0 - $100,33.5,1,0,Surburban,0,Web,0,0
35,1,5) $500 - $750,681.66,1,0,Surburban,1,Web,1,0
455,1,1) $0 - $100,35.23,1,0,Urban,1,Phone,0,0
717,1,1) $0 - $100,36.27,0,1,Urban,0,Web,0,0
1805,1,1) $0 - $100,42.86,1,0,Urban,1,Web,0,0
1403,1,1) $0 - $100,44.04,0,1,Urban,1,Phone,0,0
44,8,4) $350 - $500,472.16,1,1,Urban,0,Multichannel,1,0
1074,1,1) $0 - $100,59.13,1,0,Urban,1,Web,0,0
1547,1,1) $0 - $100,61.22,1,0,Surburban,1,Web,0,0
219,1,1) $0 - $100,69.17,1,0,Surburban,0,Web,0,0
1084,1,1) $0 - $100,69.53,1,0,Surburban,1,Phone,0,0
771,1,1) $0 - $100,71.37,0,1,Surburban,0,Phone,0,0
558,3,1) $0 - $100,29.99,0,1,Surburban,0,Web,1,0
432,1,1) $0 - $100,74.89,0,1,Urban,1,Web,0,0
924,1,1) $0 - $100,79.81,1,0,Surburban,1,Phone,0,0
57,1,3) $200 - $350,285.28,1,1,Urban,0,Phone,1,0
1686,1,1) $0 - $100,84.76,0,1,Urban,0,Web,0,0
1468,1,1) $0 - $100,86.03,1,0,Urban,0,Phone,0,0
1270,1,1) $0 - $100,87,0,1,Rural,1,Phone,0,0
510,1,1) $0 - $100,88.52,0,1,Urban,1,Web,0,0
987,1,1) $0 - $100,89.59,0,1,Surburban,1,Web,0,0
1425,1,1) $0 - $100,93.05,0,1,Surburban,0,Web,0,0
801,1,1) $0 - $100,94.24,1,0,Surburban,1,Web,0,0
2019,1,1) $0 - $100,95.29,1,0,Surburban,0,Phone,0,0
630,1,1) $0 - $100,99.01,1,0,Urban,0,Web,0,0
509,1,2) $100 - $200,100.68,0,1,Urban,0,Web,0,0
69,6,3) $200 - $350,312.7,1,0,Urban,0,Phone,1,0
1123,1,2) $100 - $200,100.75,1,0,Urban,0,Phone,0,0
1004,4,1) $0 - $100,29.99,1,0,Urban,0,Web,1,0
2051,1,2) $100 - $200,103.07,1,0,Surburban,0,Web,0,0
571,1,2) $100 - $200,104.31,1,0,Surburban,0,Phone,0,0
75,2,3) $200 - $350,265.35,1,0,Rural,0,Web,1,0
893,1,2) $100 - $200,107.89,1,0,Urban,1,Web,0,0
2062,1,2) $100 - $200,109.11,1,0,Urban,0,Phone,0,0
122,1,2) $100 - $200,109.46,0,1,Urban,1,Web,0,0
1072,10,1) $0 - $100,29.99,1,0,Surburban,1,Web,1,0
1465,1,2) $100 - $200,110.07,0,1,Urban,0,Web,0,0
82,1,5) $500 - $750,629.85,1,0,Urban,1,Web,1,0
795,1,2) $100 - $200,114.49,0,1,Surburban,1,Web,0,0
1191,1,2) $100 - $200,114.68,1,0,Rural,0,Web,0,0
85,6,2) $100 - $200,196.12,0,1,Surburban,0,Phone,1,0
1019,1,2) $100 - $200,117.27,0,1,Rural,0,Phone,0,0
1979,1,2) $100 - $200,118.74,0,1,Urban,1,Web,0,0
1563,1,2) $100 - $200,119.22,0,1,Surburban,0,Web,0,0
1132,1,2) $100 - $200,125.62,1,0,Surburban,1,Phone,0,0
1879,1,2) $100 - $200,127.88,0,1,Surburban,1,Web,0,0
458,1,2) $100 - $200,133.68,0,1,Surburban,0,Web,0,0
1090,12,1) $0 - $100,29.99,1,0,Urban,0,Web,1,0
906,1,2) $100 - $200,143.84,0,1,Rural,1,Phone,0,0
1317,1,2) $100 - $200,144.68,1,0,Rural,0,Web,0,0
1315,1,2) $100 - $200,144.85,1,0,Surburban,1,Web,0,0
1572,1,2) $100 - $200,144.9,0,1,Urban,1,Web,0,0
545,1,2) $100 - $200,150.18,0,1,Rural,0,Web,0,0
1113,10,1) $0 - $100,29.99,1,0,Urban,1,Phone,1,0
1706,1,2) $100 - $200,152.01,0,1,Urban,0,Web,0,0
1314,1,2) $100 - $200,155.55,0,1,Surburban,0,Phone,0,0
1898,1,2) $100 - $200,168.59,1,0,Surburban,1,Web,0,0
1743,1,2) $100 - $200,172.42,0,1,Urban,0,Phone,0,0
108,10,1) $0 - $100,37.36,0,1,Rural,1,Web,1,0
1350,1,2) $100 - $200,174.48,0,1,Urban,1,Phone,0,0
1750,1,2) $100 - $200,176.15,1,0,Surburban,0,Web,0,0
695,1,2) $100 - $200,176.55,1,0,Urban,1,Phone,0,0
114,1,3) $200 - $350,250.91,1,1,Surburban,0,Web,1,0
115,10,5) $500 - $750,569.27,1,0,Surburban,1,Web,1,0
732,1,2) $100 - $200,176.59,0,1,Surburban,0,Web,0,0
1993,1,2) $100 - $200,181.98,0,1,Urban,1,Web,0,0
444,1,2) $100 - $200,188.47,0,1,Urban,0,Web,0,0
155,1,2) $100 - $200,195.31,1,0,Rural,0,Web,0,0
1589,1,2) $100 - $200,195.36,0,1,Surburban,1,Web,0,0
125,11,3) $200 - $350,320.02,1,1,Surburban,0,Multichannel,1,0
687,1,3) $200 - $350,202.62,1,0,Rural,1,Web,0,0
964,1,3) $200 - $350,205.82,1,0,Urban,1,Multichannel,0,0
1928,1,3) $200 - $350,208.03,1,0,Urban,0,Phone,0,0
131,4,5) $500 - $750,679.93,0,1,Urban,1,Phone,1,0
147,1,3) $200 - $350,210.59,0,1,Rural,1,Web,0,0
1645,1,3) $200 - $350,220.44,1,0,Rural,1,Phone,0,0
1595,1,3) $200 - $350,224.73,1,0,Urban,0,Multichannel,0,0
1708,1,3) $200 - $350,225.43,1,0,Surburban,1,Phone,0,0
1378,1,3) $200 - $350,230.03,0,1,Surburban,0,Phone,0,0
1523,1,3) $200 - $350,237.92,1,1,Urban,1,Phone,0,0
680,1,3) $200 - $350,243.67,1,0,Surburban,0,Web,0,0
83,1,3) $200 - $350,253.18,0,1,Surburban,0,Multichannel,0,0
142,1,1) $0 - $100,51.61,1,0,Surburban,0,Phone,1,0
1358,1,3) $200 - $350,257.06,0,1,Rural,0,Web,0,0
1720,9,1) $0 - $100,29.99,0,1,Urban,1,Web,1,0
339,1,3) $200 - $350,264.94,1,0,Surburban,0,Web,0,0
174,1,3) $200 - $350,269.99,1,1,Urban,0,Multichannel,0,0
1697,1,3) $200 - $350,273.62,0,1,Urban,1,Phone,0,0
1500,1,3) $200 - $350,274.03,1,1,Surburban,0,Phone,0,0
117,1,3) $200 - $350,283.53,0,1,Urban,0,Web,0,0
1818,1,3) $200 - $350,288.45,1,0,Surburban,0,Phone,0,0
390,1,3) $200 - $350,290.12,1,0,Urban,1,Phone,0,0
1319,1,3) $200 - $350,301.46,1,0,Surburban,0,Web,0,0
1036,1,3) $200 - $350,304.38,1,0,Surburban,0,Web,0,0
156,1,3) $200 - $350,301.97,1,0,Surburban,0,Web,1,0
1740,1,3) $200 - $350,304.61,1,0,Urban,0,Web,0,0
158,8,1) $0 - $100,29.99,0,1,Surburban,0,Phone,1,0
2017,1,3) $200 - $350,315.78,1,0,Urban,0,Web,0,0
47,1,3) $200 - $350,324.42,1,0,Surburban,0,Phone,0,0
162,9,2) $100 - $200,104.26,0,1,Surburban,0,Web,1,0
163,1,2) $100 - $200,122.28,0,1,Surburban,0,Phone,1,0
1070,1,3) $200 - $350,345.06,1,0,Surburban,0,Phone,0,0
1098,1,3) $200 - $350,349.94,1,0,Surburban,0,Multichannel,0,0
1987,1,4) $350 - $500,351.82,1,0,Surburban,0,Phone,0,0
939,1,4) $350 - $500,357.1,0,1,Surburban,0,Phone,0,0
2033,1,4) $350 - $500,385.47,0,1,Surburban,0,Web,0,0
170,1,1) $0 - $100,72.9,0,1,Surburban,1,Phone,1,0
974,1,4) $350 - $500,386.11,1,1,Urban,0,Multichannel,0,0
1354,1,4) $350 - $500,399.45,0,1,Surburban,1,Phone,0,0
356,1,4) $350 - $500,405.1,1,0,Urban,0,Phone,0,0
1699,1,4) $350 - $500,409.18,1,0,Urban,0,Multichannel,1,0
1911,1,4) $350 - $500,428.16,1,0,Surburban,0,Multichannel,1,0
178,2,4) $350 - $500,437.16,0,1,Rural,0,Web,1,0
179,6,1) $0 - $100,86.58,1,0,Urban,1,Web,1,0
1578,1,4) $350 - $500,442.38,1,1,Surburban,0,Multichannel,1,0
1776,1,4) $350 - $500,443.37,0,1,Surburban,0,Multichannel,0,0
185,6,1) $0 - $100,49.09,0,1,Rural,1,Web,1,0
419,1,4) $350 - $500,450.12,0,1,Surburban,0,Multichannel,0,0
1582,1,1) $0 - $100,33.87,1,0,Urban,0,Phone,1,0
671,1,4) $350 - $500,462.21,1,0,Surburban,1,Multichannel,1,0
1628,1,4) $350 - $500,470.65,1,0,Urban,0,Phone,0,0
191,1,4) $350 - $500,487.47,1,0,Urban,0,Phone,1,0
192,2,1) $0 - $100,82.45,0,1,Urban,0,Web,1,0
193,2,1) $0 - $100,29.99,0,1,Urban,1,Web,1,0
95,1,4) $350 - $500,473.88,1,0,Surburban,0,Multichannel,0,0
799,1,4) $350 - $500,476.82,0,1,Urban,0,Web,1,0
1055,1,4) $350 - $500,495.71,0,1,Surburban,1,Phone,1,0
1785,1,4) $350 - $500,496.89,0,1,Urban,1,Phone,1,0
842,1,5) $500 - $750,506.54,1,0,Surburban,1,Phone,1,0
137,1,5) $500 - $750,513.83,0,1,Surburban,1,Multichannel,1,0
1256,1,5) $500 - $750,514.52,0,1,Surburban,1,Web,1,0
1300,1,5) $500 - $750,525.42,0,1,Urban,1,Phone,1,0
1136,1,5) $500 - $750,558.89,1,0,Urban,1,Web,0,0
157,1,5) $500 - $750,568.75,1,0,Rural,1,Multichannel,0,0
909,1,5) $500 - $750,580.13,1,0,Surburban,1,Multichannel,0,0
1130,1,5) $500 - $750,581.95,0,1,Urban,1,Multichannel,0,0
453,12,1) $0 - $100,36.67,0,1,Urban,0,Web,1,0
1670,1,5) $500 - $750,601.44,1,1,Urban,1,Web,0,0
1282,1,5) $500 - $750,616.73,0,1,Urban,1,Web,0,0
1065,1,5) $500 - $750,627.78,1,1,Surburban,1,Web,0,0
1719,1,5) $500 - $750,666.27,1,1,Surburban,1,Web,0,0
807,1,5) $500 - $750,674.28,1,1,Surburban,1,Multichannel,0,0
1847,1,5) $500 - $750,681.12,1,0,Rural,1,Phone,0,0
1671,1,5) $500 - $750,681.86,0,1,Urban,1,Multichannel,0,0
221,6,2) $100 - $200,131.73,1,0,Urban,0,Web,1,0
2064,1,5) $500 - $750,691.25,1,1,Rural,1,Web,0,0
223,7,1) $0 - $100,63.43,0,1,Surburban,0,Web,1,0
327,1,5) $500 - $750,712.91,1,0,Surburban,1,Phone,0,0
362,1,5) $500 - $750,720.17,1,1,Urban,1,Phone,0,0
227,1,3) $200 - $350,218.36,0,1,Urban,0,Phone,1,0
109,12,1) $0 - $100,37.57,0,1,Surburban,0,Phone,1,0
1400,1,5) $500 - $750,729.7,1,1,Surburban,1,Web,0,0
211,1,5) $500 - $750,741.39,1,0,Urban,1,Multichannel,0,0
1142,1,5) $500 - $750,748.82,1,0,Surburban,1,Multichannel,0,0
543,1,"6) $750 - $1,000",751.25,1,0,Urban,1,Phone,0,0
770,1,"6) $750 - $1,000",775.23,0,1,Surburban,1,Web,0,0
966,1,"6) $750 - $1,000",782.02,1,0,Urban,1,Multichannel,0,0
535,1,"6) $750 - $1,000",790.36,1,1,Urban,1,Multichannel,0,0
1261,1,"6) $750 - $1,000",796.97,0,1,Rural,1,Multichannel,0,0
346,1,"6) $750 - $1,000",808.58,1,1,Surburban,1,Web,0,0
725,1,"6) $750 - $1,000",819.96,0,1,Urban,1,Web,0,0
925,1,"6) $750 - $1,000",836.4,1,0,Surburban,1,Web,0,0
240,9,1) $0 - $100,29.99,0,1,Surburban,1,Phone,1,0
1030,1,"6) $750 - $1,000",890.26,1,0,Rural,1,Web,0,0
49,1,"6) $750 - $1,000",899.07,1,0,Surburban,1,Multichannel,0,0
899,1,"6) $750 - $1,000",982.75,0,1,Urban,1,Multichannel,0,0
1121,1,"7) $1,000 +",1071.38,1,1,Urban,1,Multichannel,0,0
87,1,"7) $1,000 +",1116.22,0,1,Rural,1,Web,0,0
206,1,"7) $1,000 +",1200.27,1,0,Rural,1,Web,0,0
1538,1,"7) $1,000 +",1249.7,1,1,Surburban,1,Multichannel,0,0
249,5,5) $500 - $750,558.62,1,1,Urban,1,Phone,1,0
250,1,1) $0 - $100,99.45,0,1,Rural,0,Phone,1,0
859,1,"7) $1,000 +",1281.48,1,0,Urban,1,Phone,0,0
177,1,"7) $1,000 +",1631.38,1,0,Urban,1,Multichannel,0,0
853,1,"7) $1,000 +",1667.28,1,0,Urban,1,Phone,0,0
254,7,2) $100 - $200,149.34,1,0,Urban,0,Phone,1,0
554,1,"7) $1,000 +",1770.72,1,1,Surburban,1,Phone,0,0
1724,1,"7) $1,000 +",1962.9,0,1,Surburban,1,Web,0,0
53,2,1) $0 - $100,29.99,1,0,Rural,0,Web,0,0
59,2,1) $0 - $100,29.99,0,1,Surburban,0,Phone,0,0
65,2,1) $0 - $100,29.99,0,1,Urban,0,Phone,0,0
90,2,1) $0 - $100,29.99,1,0,Urban,0,Phone,0,0
262,6,1) $0 - $100,73.37,1,0,Urban,0,Phone,1,0
150,2,1) $0 - $100,29.99,1,0,Surburban,0,Phone,0,0
213,2,1) $0 - $100,29.99,0,1,Surburban,0,Phone,0,0
452,2,1) $0 - $100,29.99,0,1,Urban,0,Web,0,0
502,2,1) $0 - $100,29.99,0,1,Surburban,0,Phone,0,0
506,2,1) $0 - $100,29.99,1,0,Surburban,1,Phone,0,0
729,2,1) $0 - $100,29.99,0,1,Urban,0,Web,0,0
272,7,3) $200 - $350,260.99,1,0,Urban,1,Web,1,0
1119,6,1) $0 - $100,45.35,1,0,Surburban,0,Phone,1,0
1438,2,1) $0 - $100,29.99,1,0,Surburban,0,Web,0,0
1835,2,1) $0 - $100,29.99,1,0,Surburban,0,Web,0,0
1952,2,1) $0 - $100,29.99,1,0,Surburban,0,Phone,0,0
2011,2,1) $0 - $100,29.99,0,1,Rural,1,Phone,0,0
1188,2,1) $0 - $100,30.06,0,1,Surburban,1,Phone,0,0
935,2,1) $0 - $100,32.18,1,0,Surburban,1,Web,0,0
618,2,1) $0 - $100,36.59,0,1,Surburban,1,Phone,0,0
1050,2,1) $0 - $100,36.99,1,0,Surburban,1,Phone,0,0
1401,2,1) $0 - $100,37.34,1,0,Surburban,1,Web,0,0
287,4,4) $350 - $500,492.43,1,0,Urban,1,Phone,1,0
97,2,1) $0 - $100,38.33,1,0,Surburban,0,Web,0,0
1448,2,1) $0 - $100,44.37,0,1,Surburban,0,Web,0,0
894,2,1) $0 - $100,46.18,0,1,Urban,1,Phone,0,0
1442,2,1) $0 - $100,47.06,1,0,Surburban,1,Web,0,0
744,2,1) $0 - $100,47.79,0,1,Urban,1,Phone,0,0
562,2,1) $0 - $100,48.58,1,0,Urban,1,Phone,0,0
1435,2,1) $0 - $100,48.79,1,0,Urban,0,Phone,0,0
298,7,3) $200 - $350,229.53,1,0,Surburban,0,Web,1,0
476,2,1) $0 - $100,54.8,0,1,Surburban,0,Web,0,0
1673,2,1) $0 - $100,61.07,1,0,Urban,1,Web,0,0
487,2,1) $0 - $100,64.14,0,1,Surburban,1,Web,0,0
1939,2,1) $0 - $100,64.99,1,0,Surburban,0,Web,0,0
307,4,1) $0 - $100,62.86,0,1,Urban,1,Web,1,0
765,2,1) $0 - $100,65.4,1,0,Urban,0,Phone,0,0
968,2,1) $0 - $100,67.04,0,1,Rural,0,Phone,0,0
310,1,1) $0 - $100,29.99,0,1,Urban,0,Phone,1,0
312,6,5) $500 - $750,554.32,0,1,Surburban,1,Web,1,0
1768,2,1) $0 - $100,68.85,0,1,Surburban,1,Web,0,0
1205,2,1) $0 - $100,74.7,0,1,Urban,1,Phone,0,0
1984,2,1) $0 - $100,77.94,1,0,Urban,0,Phone,0,0
1536,2,1) $0 - $100,81.23,0,1,Urban,0,Web,0,0
1631,8,1) $0 - $100,50.47,1,0,Rural,1,Web,1,0
994,2,1) $0 - $100,89.54,1,0,Surburban,1,Phone,0,0
1203,2,1) $0 - $100,91.07,0,1,Rural,0,Web,0,0
328,2,5) $500 - $750,515.52,0,1,Surburban,1,Web,1,0
2028,2,1) $0 - $100,91.85,1,0,Surburban,0,Phone,0,0
330,10,3) $200 - $350,227.7,1,0,Urban,0,Web,1,0
331,3,1) $0 - $100,29.99,0,1,Rural,1,Phone,1,0
1636,2,1) $0 - $100,92.48,1,0,Urban,1,Phone,0,0
335,7,"7) $1,000 +",1222.53,1,1,Rural,1,Phone,1,0
336,9,4) $350 - $500,392.85,1,1,Surburban,0,Web,1,0
1266,2,1) $0 - $100,96.31,0,1,Surburban,0,Web,0,0
1240,2,2) $100 - $200,100.77,0,1,Urban,1,Phone,0,0
953,2,2) $100 - $200,101.04,0,1,Surburban,1,Phone,0,0
1301,2,2) $100 - $200,101.67,1,0,Surburban,1,Web,0,0
1955,4,1) $0 - $100,57.16,0,1,Urban,1,Web,1,0
293,2,2) $100 - $200,107.33,0,1,Surburban,1,Phone,0,0
818,2,2) $100 - $200,116.22,1,0,Surburban,1,Phone,0,0
232,2,2) $100 - $200,120.92,0,1,Surburban,0,Web,0,0
1713,2,2) $100 - $200,126.66,0,1,Surburban,1,Phone,0,0
1153,2,2) $100 - $200,128.89,0,1,Surburban,1,Phone,0,0
1018,2,2) $100 - $200,137.09,0,1,Surburban,1,Web,0,0
2022,2,2) $100 - $200,140.8,1,0,Surburban,1,Web,0,0
357,2,2) $100 - $200,140.88,1,0,Urban,0,Phone,0,0
1897,2,2) $100 - $200,142.09,1,0,Urban,1,Phone,0,0
1326,2,2) $100 - $200,144.37,1,0,Urban,1,Phone,0,0
1605,2,2) $100 - $200,155.14,1,0,Surburban,1,Phone,0,0
338,2,2) $100 - $200,156.4,0,1,Surburban,0,Web,0,0
526,2,2) $100 - $200,159.22,0,1,Surburban,0,Web,0,0
368,2,2) $100 - $200,168.37,1,0,Surburban,0,Web,0,0
1458,2,2) $100 - $200,173.87,1,0,Urban,1,Phone,0,0
508,2,2) $100 - $200,174.52,0,1,Surburban,0,Web,0,0
1427,2,2) $100 - $200,176.99,1,0,Rural,1,Phone,0,0
1418,2,2) $100 - $200,180.48,1,0,Urban,0,Phone,0,0
793,2,2) $100 - $200,181.09,0,1,Rural,1,Phone,0,0
1689,2,2) $100 - $200,182.39,1,0,Surburban,0,Web,0,0
724,2,2) $100 - $200,186.51,0,1,Surburban,0,Phone,0,0
1259,2,2) $100 - $200,187.96,1,0,Urban,0,Web,0,0
1980,2,2) $100 - $200,192.85,1,0,Urban,1,Web,0,0
747,2,2) $100 - $200,195.18,0,1,Urban,0,Web,0,0
1864,2,2) $100 - $200,195.6,1,0,Urban,0,Web,0,0
226,2,2) $100 - $200,199.97,0,1,Surburban,0,Phone,0,0
389,2,3) $200 - $350,200.37,1,0,Surburban,1,Phone,0,0
1760,2,3) $200 - $350,204.3,0,1,Surburban,1,Web,0,0
1341,2,3) $200 - $350,212.51,1,0,Surburban,0,Web,0,0
861,2,3) $200 - $350,215.06,1,0,Surburban,0,Phone,0,0
1139,2,3) $200 - $350,215.51,1,1,Surburban,0,Web,0,0
1260,2,3) $200 - $350,221.01,0,1,Rural,0,Phone,0,0
385,8,2) $100 - $200,179.11,0,1,Urban,0,Phone,1,0
1108,2,3) $200 - $350,221.16,1,0,Rural,0,Phone,0,0
1457,2,3) $200 - $350,221.51,0,1,Urban,1,Web,0,0
1423,2,3) $200 - $350,227,1,0,Urban,0,Web,0,0
653,2,3) $200 - $350,242.54,1,0,Surburban,1,Phone,0,0
1892,2,3) $200 - $350,243.5,1,1,Surburban,0,Phone,0,0
711,2,3) $200 - $350,247.51,1,1,Urban,0,Multichannel,0,0
1741,2,3) $200 - $350,250.65,1,0,Urban,0,Multichannel,0,0
126,1,1) $0 - $100,64.7,0,1,Rural,0,Web,1,0
394,2,3) $200 - $350,343.98,1,1,Surburban,0,Multichannel,1,0
132,2,3) $200 - $350,252.91,1,0,Urban,0,Web,0,0
515,2,3) $200 - $350,253.29,1,1,Urban,0,Multichannel,0,0
1746,2,3) $200 - $350,255.71,1,0,Surburban,0,Phone,0,0
1239,2,3) $200 - $350,261.05,1,0,Surburban,0,Multichannel,0,0
1887,2,3) $200 - $350,262.67,0,1,Urban,0,Phone,0,0
1862,2,3) $200 - $350,265.07,1,0,Rural,0,Web,0,0
1286,2,3) $200 - $350,266.46,1,1,Urban,1,Phone,0,0
1721,2,3) $200 - $350,278.36,1,1,Urban,0,Web,0,0
294,2,3) $200 - $350,278.8,1,0,Rural,0,Web,0,0
1665,2,3) $200 - $350,292.48,1,0,Rural,0,Web,0,0
624,2,3) $200 - $350,292.58,1,0,Surburban,1,Multichannel,0,0
869,2,3) $200 - $350,295.41,0,1,Surburban,0,Web,0,0
1025,2,3) $200 - $350,298.03,1,1,Surburban,0,Multichannel,0,0
409,8,1) $0 - $100,29.99,1,0,Surburban,0,Phone,1,0
923,2,3) $200 - $350,303.53,0,1,Urban,0,Phone,0,0
411,6,2) $100 - $200,169.3,0,1,Rural,1,Phone,1,0
1296,2,3) $200 - $350,319.3,1,1,Rural,0,Phone,0,0
248,2,3) $200 - $350,321.83,0,1,Surburban,0,Multichannel,0,0
1485,2,3) $200 - $350,326.89,1,1,Surburban,0,Phone,0,0
697,2,3) $200 - $350,333.47,1,1,Urban,1,Web,0,0
1269,2,4) $350 - $500,355.99,1,0,Urban,0,Phone,0,0
1473,2,4) $350 - $500,366.26,0,1,Surburban,0,Multichannel,0,0
1905,2,4) $350 - $500,368.19,0,1,Urban,0,Multichannel,0,0
1169,2,4) $350 - $500,375.42,1,0,Surburban,1,Multichannel,0,0
1896,2,4) $350 - $500,377.56,1,1,Surburban,1,Phone,0,0
422,2,3) $200 - $350,210.51,0,1,Urban,0,Phone,1,0
363,2,4) $350 - $500,389,0,1,Surburban,1,Phone,0,0
607,2,4) $350 - $500,411.68,1,0,Rural,0,Multichannel,0,0
825,2,4) $350 - $500,424.44,0,1,Urban,0,Phone,0,0
809,2,4) $350 - $500,426.23,0,1,Urban,1,Phone,0,0
427,1,2) $100 - $200,166.16,1,0,Surburban,1,Web,1,0
428,1,3) $200 - $350,300.6,1,0,Urban,0,Web,1,0
429,4,2) $100 - $200,105.41,1,0,Rural,0,Phone,1,0
1919,2,4) $350 - $500,428.74,1,0,Rural,0,Phone,0,0
431,2,1) $0 - $100,29.99,0,1,Rural,1,Phone,1,0
504,2,4) $350 - $500,435.02,1,0,Surburban,0,Multichannel,0,0
767,2,4) $350 - $500,435.07,1,0,Urban,0,Multichannel,0,0
1744,2,4) $350 - $500,444.03,1,0,Urban,1,Multichannel,0,0
1927,2,4) $350 - $500,448.54,0,1,Urban,1,Web,0,0
70,2,4) $350 - $500,454.82,0,1,Rural,0,Web,0,0
1177,2,4) $350 - $500,458.41,0,1,Surburban,0,Multichannel,0,0
575,2,4) $350 - $500,472.9,0,1,Rural,0,Phone,0,0
440,1,5) $500 - $750,561.39,1,1,Urban,1,Multichannel,1,0
441,10,1) $0 - $100,29.99,0,1,Surburban,0,Phone,1,0
1652,2,5) $500 - $750,506.45,0,1,Surburban,1,Web,0,0
78,2,5) $500 - $750,508.07,1,0,Surburban,1,Multichannel,0,0
1212,2,5) $500 - $750,510.18,1,1,Urban,1,Web,0,0
445,3,1) $0 - $100,99.23,1,0,Rural,0,Web,1,0
598,2,5) $500 - $750,516.56,0,1,Surburban,1,Phone,0,0
52,2,5) $500 - $750,528.86,0,1,Surburban,1,Multichannel,0,0
2003,2,5) $500 - $750,549.1,0,1,Urban,1,Phone,0,0
1709,2,5) $500 - $750,589.41,0,1,Urban,1,Phone,0,0
490,2,5) $500 - $750,595.35,1,0,Urban,1,Multichannel,0,0
933,2,5) $500 - $750,626.27,1,1,Rural,1,Web,0,0
397,2,5) $500 - $750,671.07,1,0,Urban,1,Multichannel,0,0
89,2,5) $500 - $750,675.88,1,1,Urban,1,Phone,0,0
456,8,1) $0 - $100,70.75,0,1,Urban,0,Phone,1,0
56,2,5) $500 - $750,693.85,0,1,Surburban,1,Web,0,0
540,2,"6) $750 - $1,000",758.65,1,1,Surburban,1,Multichannel,0,0
1968,2,"6) $750 - $1,000",770.58,0,1,Surburban,1,Phone,0,0
685,2,"6) $750 - $1,000",793.28,1,1,Rural,1,Multichannel,0,0
938,4,1) $0 - $100,73.55,1,0,Urban,0,Web,1,0
91,2,"6) $750 - $1,000",809.07,1,0,Urban,1,Phone,0,0
1187,2,"6) $750 - $1,000",812.31,1,0,Surburban,1,Phone,0,0
430,2,"6) $750 - $1,000",853.89,0,1,Urban,1,Multichannel,0,0
1565,2,"6) $750 - $1,000",858.08,1,0,Urban,1,Web,0,0
138,2,"6) $750 - $1,000",928.65,1,1,Rural,1,Phone,0,0
469,9,1) $0 - $100,46.56,1,0,Surburban,0,Web,1,0
216,2,"7) $1,000 +",1035.42,0,1,Surburban,1,Multichannel,0,0
1517,2,"7) $1,000 +",1066.23,0,1,Rural,1,Web,0,0
655,2,"7) $1,000 +",1184.17,1,1,Urban,1,Multichannel,0,0
474,6,"6) $750 - $1,000",788.76,1,0,Urban,1,Multichannel,1,0
789,2,"7) $1,000 +",1311.61,1,0,Surburban,1,Multichannel,0,0
220,2,"7) $1,000 +",1351.46,0,1,Rural,1,Web,0,0
348,2,"7) $1,000 +",1968.98,1,0,Surburban,1,Multichannel,0,0
478,1,3) $200 - $350,204.57,1,1,Urban,0,Phone,1,0
479,8,1) $0 - $100,29.99,0,1,Urban,1,Web,1,0
399,3,1) $0 - $100,29.99,0,1,Urban,0,Web,0,0
648,3,1) $0 - $100,29.99,1,0,Surburban,1,Web,0,0
946,10,1) $0 - $100,77.47,1,0,Surburban,1,Web,1,0
483,3,4) $350 - $500,466.6,1,0,Surburban,0,Web,1,0
1148,3,1) $0 - $100,29.99,1,0,Surburban,0,Phone,0,0
486,5,1) $0 - $100,29.99,0,1,Rural,0,Web,1,0
1174,3,1) $0 - $100,29.99,1,0,Rural,1,Phone,0,0
489,2,5) $500 - $750,627.19,1,1,Urban,1,Multichannel,1,0
1290,3,1) $0 - $100,29.99,0,1,Urban,0,Web,0,0
1383,3,1) $0 - $100,29.99,0,1,Rural,0,Phone,0,0
1660,3,1) $0 - $100,29.99,0,1,Surburban,1,Phone,0,0
1922,3,1) $0 - $100,29.99,1,0,Urban,1,Phone,0,0
1930,3,1) $0 - $100,29.99,1,0,Surburban,0,Phone,0,0
1337,9,1) $0 - $100,82.12,1,0,Urban,0,Phone,1,0
887,3,1) $0 - $100,34.22,1,0,Urban,1,Phone,0,0
481,3,1) $0 - $100,47.88,1,0,Surburban,1,Web,0,0
507,1,1) $0 - $100,70.38,0,1,Surburban,1,Phone,1,0
758,3,1) $0 - $100,56.27,0,1,Urban,1,Web,0,0
529,3,1) $0 - $100,56.83,1,0,Surburban,0,Web,0,0
1655,3,1) $0 - $100,63.8,1,0,Surburban,1,Phone,0,0
1230,3,1) $0 - $100,64.37,0,1,Surburban,1,Phone,0,0
1798,3,1) $0 - $100,66.47,1,0,Rural,1,Web,0,0
1533,3,1) $0 - $100,67.4,1,0,Surburban,0,Web,0,0
536,3,1) $0 - $100,68.56,0,1,Surburban,0,Phone,0,0
1515,3,1) $0 - $100,68.81,0,1,Urban,0,Phone,0,0
314,3,1) $0 - $100,75.15,1,0,Urban,0,Phone,0,0
521,3,1) $0 - $100,32.77,0,1,Urban,0,Phone,1,0
1257,3,1) $0 - $100,85.19,1,0,Rural,0,Web,0,0
763,3,1) $0 - $100,86.68,1,0,Surburban,1,Web,0,0
135,3,1) $0 - $100,89.89,1,0,Surburban,1,Web,0,0
1371,3,1) $0 - $100,94.52,1,0,Urban,0,Phone,0,0
25,3,1) $0 - $100,98.88,0,1,Rural,1,Web,0,0
1534,3,2) $100 - $200,100.85,1,0,Urban,1,Phone,0,0
1848,3,2) $100 - $200,101.18,0,1,Surburban,0,Phone,0,0
1469,3,2) $100 - $200,101.67,0,1,Surburban,1,Phone,0,0
639,3,2) $100 - $200,105.42,1,0,Surburban,1,Web,0,0
720,3,2) $100 - $200,108.06,0,1,Surburban,1,Web,0,0
537,10,1) $0 - $100,56.08,0,1,Surburban,1,Web,1,0
623,3,1) $0 - $100,89.58,0,1,Surburban,1,Web,1,0
404,3,2) $100 - $200,109.08,1,0,Surburban,0,Phone,0,0
1316,3,2) $100 - $200,109.34,0,1,Surburban,0,Phone,0,0
1727,3,2) $100 - $200,111.42,1,0,Surburban,1,Web,0,0
241,3,2) $100 - $200,114.27,1,0,Urban,1,Web,0,0
1794,3,2) $100 - $200,115.04,1,0,Urban,1,Phone,0,0
151,3,2) $100 - $200,119.97,0,1,Rural,0,Web,0,0
1552,3,2) $100 - $200,123.2,1,0,Urban,1,Phone,0,0
547,9,1) $0 - $100,97.66,0,1,Urban,1,Phone,1,0
548,1,2) $100 - $200,197.5,0,1,Surburban,0,Phone,1,0
38,3,2) $100 - $200,125.23,1,0,Surburban,0,Web,0,0
551,2,3) $200 - $350,227.87,1,1,Surburban,1,Web,1,0
1292,3,2) $100 - $200,126.97,0,1,Urban,1,Phone,0,0
1379,3,2) $100 - $200,129.62,1,0,Urban,0,Web,0,0
173,3,2) $100 - $200,133.51,1,0,Urban,0,Web,0,0
1546,3,2) $100 - $200,134.49,0,1,Rural,1,Web,0,0
1912,3,1) $0 - $100,99.16,0,1,Urban,0,Phone,1,0
1213,3,2) $100 - $200,134.8,1,0,Urban,1,Web,0,0
1561,3,2) $100 - $200,138.69,0,1,Surburban,1,Phone,0,0
1482,3,2) $100 - $200,140.77,0,1,Urban,0,Phone,0,0
461,3,2) $100 - $200,143.19,0,1,Surburban,1,Phone,0,0
1512,3,2) $100 - $200,146.55,1,0,Urban,1,Phone,0,0
1306,3,2) $100 - $200,148.99,1,0,Urban,1,Phone,0,0
202,3,2) $100 - $200,150.19,0,1,Urban,0,Web,0,0
243,3,2) $100 - $200,158.84,1,0,Surburban,1,Phone,0,0
1893,3,2) $100 - $200,161.65,0,1,Surburban,0,Web,0,0
1666,3,2) $100 - $200,166.6,0,1,Surburban,1,Phone,0,0
1200,3,2) $100 - $200,166.81,0,1,Surburban,0,Web,0,0
577,3,2) $100 - $200,167.04,1,0,Surburban,0,Phone,0,0
890,3,2) $100 - $200,169.69,0,1,Urban,1,Web,0,0
1405,3,2) $100 - $200,170.29,0,1,Surburban,1,Web,0,0
947,3,2) $100 - $200,175.3,0,1,Surburban,0,Phone,0,0
1411,3,2) $100 - $200,177.36,0,1,Surburban,1,Web,0,0
230,3,2) $100 - $200,178.88,0,1,Urban,0,Phone,0,0
1268,3,2) $100 - $200,182.65,0,1,Surburban,0,Web,0,0
488,3,2) $100 - $200,187.54,1,0,Urban,1,Phone,0,0
805,3,2) $100 - $200,191.36,1,0,Urban,0,Web,0,0
1799,3,2) $100 - $200,196.59,0,1,Urban,0,Web,0,0
1554,3,2) $100 - $200,199.62,0,1,Urban,0,Web,0,0
533,3,3) $200 - $350,205.47,1,1,Surburban,0,Multichannel,0,0
1124,3,3) $200 - $350,208.32,0,1,Surburban,1,Multichannel,0,0
837,3,3) $200 - $350,216.25,1,0,Urban,0,Web,0,0
1336,3,3) $200 - $350,222.7,0,1,Rural,0,Web,0,0
587,7,5) $500 - $750,578.35,0,1,Surburban,1,Web,1,0
942,3,3) $200 - $350,222.8,1,0,Surburban,0,Phone,0,0
1474,3,3) $200 - $350,222.8,1,0,Urban,0,Web,0,0
822,3,3) $200 - $350,225.45,0,1,Urban,0,Web,0,0
591,9,2) $100 - $200,176.29,1,0,Urban,0,Phone,1,0
1929,3,3) $200 - $350,226.37,1,0,Urban,0,Multichannel,0,0
593,10,"6) $750 - $1,000",877.1,1,1,Surburban,1,Phone,1,0
1921,3,3) $200 - $350,252.14,0,1,Surburban,0,Phone,0,0
1110,3,3) $200 - $350,252.92,0,1,Urban,0,Phone,0,0
1242,3,3) $200 - $350,258.25,1,0,Urban,0,Phone,0,0
1421,3,3) $200 - $350,261.43,0,1,Urban,1,Web,0,0
1696,3,3) $200 - $350,263.14,1,1,Rural,0,Web,0,0
1351,3,3) $200 - $350,265.05,1,0,Urban,0,Phone,0,0
320,3,3) $200 - $350,266.98,0,1,Rural,1,Multichannel,0,0
602,5,2) $100 - $200,104.42,1,0,Surburban,0,Phone,1,0
181,2,2) $100 - $200,100.78,1,0,Rural,1,Web,1,0
919,3,3) $200 - $350,276.9,1,0,Urban,0,Phone,0,0
1299,3,3) $200 - $350,280.39,1,1,Urban,0,Multichannel,0,0
606,6,3) $200 - $350,288.79,1,1,Surburban,0,Web,1,0
9,3,3) $200 - $350,286.27,1,0,Surburban,0,Multichannel,0,0
608,1,2) $100 - $200,179.63,1,0,Surburban,0,Phone,1,0
609,8,3) $200 - $350,236.28,1,1,Urban,1,Multichannel,1,0
1786,3,3) $200 - $350,286.7,0,1,Rural,0,Multichannel,0,0
832,3,3) $200 - $350,291.81,1,1,Surburban,1,Web,0,0
580,3,3) $200 - $350,292.74,0,1,Urban,1,Web,0,0
613,2,4) $350 - $500,481.74,0,1,Surburban,1,Web,1,0
934,3,3) $200 - $350,305.25,0,1,Rural,0,Web,0,0
616,12,2) $100 - $200,146.93,1,0,Rural,1,Web,1,0
364,3,3) $200 - $350,328.65,0,1,Rural,0,Web,0,0
1861,3,3) $200 - $350,331.61,1,0,Surburban,0,Phone,0,0
1833,3,3) $200 - $350,332.49,1,1,Surburban,0,Multichannel,0,0
1679,3,3) $200 - $350,333.68,1,0,Surburban,1,Web,0,0
1758,3,3) $200 - $350,345.06,0,1,Urban,0,Phone,0,0
978,3,3) $200 - $350,349.32,0,1,Surburban,0,Web,0,0
1834,3,4) $350 - $500,359.83,1,0,Urban,0,Multichannel,0,0
880,3,4) $350 - $500,374.63,1,1,Surburban,0,Phone,0,0
965,3,4) $350 - $500,387.97,0,1,Surburban,1,Web,0,0
1398,3,4) $350 - $500,405.57,1,0,Rural,0,Phone,0,0
1889,3,4) $350 - $500,405.86,1,0,Surburban,1,Multichannel,0,0
375,3,4) $350 - $500,435.05,1,0,Surburban,0,Web,0,0
439,3,4) $350 - $500,447.29,1,0,Surburban,0,Multichannel,0,0
569,3,4) $350 - $500,454,0,1,Urban,0,Multichannel,0,0
696,3,4) $350 - $500,455.44,0,1,Rural,0,Phone,0,0
712,3,4) $350 - $500,457.27,1,0,Surburban,0,Web,0,0
289,3,4) $350 - $500,458.76,1,0,Rural,0,Multichannel,0,0
74,3,4) $350 - $500,493.2,1,1,Urban,0,Web,0,0
261,3,4) $350 - $500,493.38,1,0,Surburban,0,Web,0,0
849,3,5) $500 - $750,523.58,1,0,Urban,1,Phone,0,0
791,3,5) $500 - $750,524.9,1,0,Surburban,1,Web,0,0
1274,3,5) $500 - $750,525.66,0,1,Surburban,1,Multichannel,0,0
1416,3,5) $500 - $750,530.89,1,1,Rural,1,Web,0,0
781,3,5) $500 - $750,533.42,0,1,Urban,1,Phone,0,0
643,1,4) $350 - $500,458.91,1,1,Urban,0,Multichannel,1,0
644,10,3) $200 - $350,237.24,0,1,Urban,1,Phone,1,0
762,3,5) $500 - $750,572.57,1,0,Urban,1,Web,0,0
196,3,5) $500 - $750,611.32,1,0,Surburban,1,Multichannel,0,0
647,9,1) $0 - $100,69.26,1,0,Surburban,0,Phone,1,0
911,3,5) $500 - $750,611.63,0,1,Surburban,1,Multichannel,0,0
1504,3,5) $500 - $750,628.14,1,1,Urban,1,Phone,0,0
650,3,5) $500 - $750,669.75,1,1,Urban,1,Multichannel,1,0
727,3,5) $500 - $750,634.02,1,1,Urban,1,Web,0,0
553,3,5) $500 - $750,665.58,1,1,Urban,1,Phone,0,0
1101,3,5) $500 - $750,679.87,1,0,Urban,1,Web,0,0
940,3,5) $500 - $750,682.59,1,1,Surburban,1,Web,0,0
195,3,5) $500 - $750,700.3,1,0,Rural,1,Multichannel,0,0
460,12,2) $100 - $200,103.46,1,0,Surburban,1,Web,1,0
1329,3,5) $500 - $750,708.62,0,1,Surburban,1,Phone,0,0
652,3,5) $500 - $750,715.96,1,0,Surburban,1,Multichannel,0,0
951,3,5) $500 - $750,744.26,1,1,Rural,1,Multichannel,0,0
660,7,1) $0 - $100,69.44,1,0,Rural,0,Web,1,0
1237,3,2) $100 - $200,106.14,0,1,Rural,0,Phone,1,0
1227,3,"6) $750 - $1,000",759.01,1,1,Urban,1,Multichannel,0,0
1253,3,"6) $750 - $1,000",816.52,1,1,Urban,1,Phone,0,0
664,2,1) $0 - $100,48.16,0,1,Urban,0,Web,1,0
1024,3,"6) $750 - $1,000",850.81,1,1,Urban,1,Web,0,0
407,3,"6) $750 - $1,000",863.72,0,1,Urban,1,Web,0,0
668,8,1) $0 - $100,51.71,1,0,Rural,0,Web,1,0
10,3,"6) $750 - $1,000",866.99,1,0,Urban,1,Multichannel,0,0
1104,3,"6) $750 - $1,000",971.02,0,1,Urban,1,Phone,0,0
907,3,"6) $750 - $1,000",981.42,0,1,Urban,1,Phone,0,0
1249,3,"7) $1,000 +",1030.79,0,1,Surburban,1,Web,0,0
1756,3,"7) $1,000 +",1176.12,1,0,Surburban,1,Multichannel,0,0
605,3,"7) $1,000 +",1234.86,1,1,Rural,1,Web,0,0
1662,3,"7) $1,000 +",1397.57,1,0,Surburban,1,Multichannel,0,0
952,4,1) $0 - $100,29.99,0,1,Rural,1,Web,0,0
790,4,2) $100 - $200,117.89,1,0,Rural,0,Web,1,0
1832,4,1) $0 - $100,29.99,0,1,Surburban,0,Web,0,0
1391,4,1) $0 - $100,39.2,1,0,Urban,1,Web,0,0
1967,4,1) $0 - $100,42.9,0,1,Rural,1,Web,0,0
277,4,1) $0 - $100,49.8,1,0,Urban,1,Web,0,0
691,5,3) $200 - $350,307.7,1,1,Rural,0,Phone,1,0
1356,4,1) $0 - $100,52.12,1,0,Urban,0,Phone,0,0
1780,4,1) $0 - $100,53.42,0,1,Surburban,0,Phone,0,0
629,4,1) $0 - $100,53.82,1,0,Urban,1,Phone,0,0
1496,4,1) $0 - $100,69.08,0,1,Urban,0,Phone,0,0
264,4,1) $0 - $100,72.66,0,1,Surburban,1,Phone,0,0
699,9,2) $100 - $200,162.59,0,1,Urban,0,Phone,1,0
1178,4,1) $0 - $100,82.81,0,1,Surburban,0,Web,0,0
703,1,2) $100 - $200,114.2,1,0,Urban,0,Phone,1,0
525,4,1) $0 - $100,87.69,1,0,Surburban,0,Web,0,0
709,2,3) $200 - $350,238.15,0,1,Rural,0,Web,1,0
1934,4,1) $0 - $100,92.62,1,0,Urban,0,Phone,0,0
1693,4,1) $0 - $100,96.35,0,1,Urban,1,Web,0,0
716,6,1) $0 - $100,29.99,0,1,Surburban,0,Web,1,0
1540,4,1) $0 - $100,99.39,1,0,Surburban,0,Phone,0,0
67,4,2) $100 - $200,102.07,0,1,Rural,1,Phone,0,0
1789,4,2) $100 - $200,108.7,0,1,Surburban,0,Phone,0,0
145,4,2) $100 - $200,108.98,0,1,Rural,1,Phone,0,0
1880,3,2) $100 - $200,144.39,0,1,Urban,1,Phone,1,0
1058,4,2) $100 - $200,112.52,0,1,Rural,0,Web,0,0
723,9,3) $200 - $350,228.8,1,0,Surburban,0,Multichannel,1,0
566,4,2) $100 - $200,116.37,1,0,Urban,0,Web,0,0
564,4,2) $100 - $200,116.71,1,0,Surburban,0,Phone,0,0
726,12,3) $200 - $350,321.84,0,1,Urban,0,Web,1,0
1774,4,2) $100 - $200,118.17,0,1,Urban,0,Web,0,0
20,4,2) $100 - $200,120.28,0,1,Urban,0,Phone,0,0
291,4,2) $100 - $200,127.75,1,0,Surburban,1,Web,0,0
374,4,2) $100 - $200,130.57,0,1,Rural,0,Phone,0,0
1250,4,2) $100 - $200,133.51,1,0,Urban,1,Phone,0,0
2010,4,2) $100 - $200,147.72,0,1,Surburban,1,Web,0,0
1328,4,2) $100 - $200,150.01,0,1,Urban,1,Phone,0,0
764,4,2) $100 - $200,170.76,1,0,Rural,1,Phone,0,0
944,4,2) $100 - $200,174.55,1,0,Rural,1,Web,0,0
1277,4,2) $100 - $200,176.15,1,0,Surburban,1,Phone,0,0
381,4,2) $100 - $200,183.57,1,0,Surburban,1,Web,0,0
1216,4,2) $100 - $200,185.69,0,1,Urban,0,Phone,0,0
33,4,2) $100 - $200,193.04,1,0,Urban,0,Web,0,0
1201,4,2) $100 - $200,194.25,0,1,Urban,0,Web,0,0
1302,4,2) $100 - $200,195.12,0,1,Surburban,0,Phone,0,0
60,4,2) $100 - $200,197.05,0,1,Surburban,0,Phone,0,0
1460,4,3) $200 - $350,201.49,1,0,Surburban,1,Multichannel,0,0
2013,4,3) $200 - $350,203.73,0,1,Surburban,1,Phone,0,0
267,4,3) $200 - $350,213.06,1,0,Urban,1,Web,0,0
828,4,3) $200 - $350,217.18,0,1,Surburban,0,Web,0,0
751,6,3) $200 - $350,337.48,1,0,Rural,0,Phone,1,0
777,4,3) $200 - $350,220.2,0,1,Urban,0,Web,0,0
753,11,1) $0 - $100,60.93,0,1,Urban,1,Web,1,0
972,4,3) $200 - $350,223.59,1,1,Urban,1,Phone,0,0
755,6,3) $200 - $350,312.47,1,0,Urban,0,Phone,1,0
756,10,1) $0 - $100,95.14,1,0,Surburban,0,Phone,1,0
171,4,3) $200 - $350,230.37,0,1,Urban,0,Web,0,0
107,4,3) $200 - $350,240.35,0,1,Surburban,0,Web,0,0
683,4,3) $200 - $350,244.91,0,1,Rural,0,Phone,0,0
532,4,3) $200 - $350,245.79,0,1,Urban,0,Web,0,0
600,4,3) $200 - $350,281.77,0,1,Surburban,0,Phone,0,0
860,4,3) $200 - $350,316.35,1,1,Urban,0,Multichannel,0,0
80,4,3) $200 - $350,316.87,0,1,Urban,1,Web,0,0
235,4,3) $200 - $350,320.17,0,1,Urban,1,Phone,0,0
588,4,3) $200 - $350,323.02,0,1,Surburban,0,Web,0,0
66,4,4) $350 - $500,368.25,1,1,Urban,0,Multichannel,0,0
768,2,1) $0 - $100,29.99,1,0,Surburban,1,Phone,1,0
119,4,4) $350 - $500,384.73,1,0,Surburban,0,Web,0,0
826,4,4) $350 - $500,410.06,0,1,Surburban,1,Phone,0,0
855,4,4) $350 - $500,412.95,1,0,Urban,0,Web,0,0
773,4,3) $200 - $350,231.87,1,1,Surburban,1,Multichannel,1,0
1195,4,4) $350 - $500,420.8,0,1,Urban,0,Phone,0,0
1483,4,4) $350 - $500,452.84,1,1,Rural,0,Multichannel,0,0
1225,4,4) $350 - $500,463.87,0,1,Rural,0,Web,0,0
1795,4,4) $350 - $500,467.86,0,1,Surburban,0,Multichannel,0,0
345,4,4) $350 - $500,474.94,0,1,Urban,1,Web,0,0
1711,4,4) $350 - $500,481.45,0,1,Surburban,0,Web,0,0
782,11,3) $200 - $350,203.97,1,1,Urban,0,Web,1,0
783,1,4) $350 - $500,367.19,1,0,Urban,0,Web,1,0
1511,4,4) $350 - $500,487.77,0,1,Rural,0,Multichannel,0,0
1729,4,4) $350 - $500,490.02,1,0,Surburban,1,Multichannel,0,0
1656,4,4) $350 - $500,498.38,1,0,Rural,0,Web,0,0
1752,4,5) $500 - $750,545.6,0,1,Surburban,1,Web,0,0
50,4,5) $500 - $750,565.94,0,1,Urban,1,Web,0,0
396,4,5) $500 - $750,566.58,1,0,Urban,1,Phone,0,0
497,4,2) $100 - $200,166.68,1,0,Surburban,0,Web,1,0
204,4,5) $500 - $750,575.31,0,1,Urban,1,Web,0,0
792,9,1) $0 - $100,54.34,1,0,Surburban,0,Phone,1,0
1545,4,5) $500 - $750,588.45,0,1,Rural,1,Web,0,0
794,4,1) $0 - $100,60.53,1,0,Urban,0,Phone,1,0
457,4,5) $500 - $750,656.92,1,1,Surburban,1,Multichannel,0,0
1224,4,5) $500 - $750,737.33,0,1,Surburban,1,Web,0,0
1916,4,5) $500 - $750,739.84,1,0,Urban,1,Phone,0,0
1280,4,"6) $750 - $1,000",766.47,1,1,Urban,1,Multichannel,0,0
800,2,5) $500 - $750,659.99,1,1,Surburban,1,Multichannel,1,0
24,4,"6) $750 - $1,000",795.58,1,1,Urban,1,Web,0,0
1313,4,"7) $1,000 +",1089.77,1,0,Urban,1,Multichannel,0,0
1479,4,"7) $1,000 +",1096.45,0,1,Urban,1,Web,0,0
4,5,1) $0 - $100,29.99,1,0,Surburban,0,Web,0,0
134,5,1) $0 - $100,29.99,0,1,Urban,0,Web,0,0
271,5,1) $0 - $100,29.99,1,0,Rural,0,Phone,0,0
839,5,1) $0 - $100,29.99,1,0,Urban,0,Web,0,0
873,5,1) $0 - $100,29.99,0,1,Surburban,0,Web,0,0
905,5,1) $0 - $100,29.99,1,0,Surburban,0,Phone,0,0
922,5,1) $0 - $100,29.99,1,0,Urban,0,Web,0,0
976,5,1) $0 - $100,29.99,0,1,Surburban,1,Web,0,0
1032,5,1) $0 - $100,29.99,0,1,Surburban,0,Phone,0,0
820,1,3) $200 - $350,324.47,1,0,Rural,1,Web,1,0
1097,5,1) $0 - $100,29.99,0,1,Rural,1,Web,0,0
1510,5,1) $0 - $100,29.99,1,0,Rural,1,Web,0,0
1630,5,1) $0 - $100,29.99,1,0,Surburban,1,Web,0,0
1712,5,1) $0 - $100,29.99,1,0,Surburban,0,Phone,0,0
1843,5,1) $0 - $100,29.99,1,0,Urban,1,Web,0,0
2001,5,1) $0 - $100,29.99,0,1,Surburban,0,Phone,0,0
531,5,1) $0 - $100,30.59,0,1,Urban,1,Web,0,0
512,5,1) $0 - $100,33.33,0,1,Surburban,1,Web,0,0
829,5,3) $200 - $350,222.88,0,1,Surburban,1,Web,1,0
830,4,3) $200 - $350,218.92,0,1,Surburban,0,Web,1,0
831,1,"6) $750 - $1,000",814.48,1,1,Rural,1,Phone,1,0
1330,5,1) $0 - $100,38.14,0,1,Urban,0,Web,0,0
1982,5,1) $0 - $100,39.52,1,0,Surburban,1,Phone,0,0
834,2,2) $100 - $200,176.21,1,0,Surburban,0,Web,1,0
819,5,1) $0 - $100,47.85,0,1,Urban,1,Phone,0,0
926,5,1) $0 - $100,49.36,1,0,Urban,0,Web,0,0
669,5,1) $0 - $100,50.63,1,0,Urban,0,Phone,0,0
1858,5,1) $0 - $100,53.81,0,1,Urban,0,Web,0,0
380,5,1) $0 - $100,56.05,1,0,Urban,1,Phone,0,0
325,5,1) $0 - $100,60.87,0,1,Surburban,1,Web,0,0
233,5,1) $0 - $100,63.02,0,1,Urban,0,Web,0,0
1594,5,1) $0 - $100,63.2,0,1,Rural,0,Phone,0,0
2041,5,1) $0 - $100,67.55,1,0,Surburban,0,Phone,0,0
94,5,1) $0 - $100,68.76,1,0,Urban,1,Web,0,0
1323,5,1) $0 - $100,74.39,1,0,Surburban,1,Web,0,0
579,5,1) $0 - $100,75.83,1,0,Surburban,0,Web,0,0
306,5,1) $0 - $100,77.3,1,0,Urban,1,Web,0,0
542,5,1) $0 - $100,78.71,1,0,Urban,1,Phone,0,0
2,5,1) $0 - $100,79.79,0,1,Urban,1,Phone,0,0
539,5,1) $0 - $100,79.79,1,0,Surburban,1,Web,0,0
410,5,1) $0 - $100,85.23,0,1,Surburban,0,Phone,0,0
1555,5,1) $0 - $100,92.35,0,1,Surburban,1,Phone,0,0
1520,5,1) $0 - $100,95.57,0,1,Rural,1,Web,0,0
313,5,1) $0 - $100,96.1,0,1,Urban,0,Web,0,0
466,5,2) $100 - $200,103.36,1,0,Urban,0,Phone,0,0
754,5,2) $100 - $200,106.65,1,0,Urban,0,Web,0,0
317,5,2) $100 - $200,110.73,1,0,Urban,0,Web,0,0
1369,5,2) $100 - $200,122.52,0,1,Surburban,1,Web,0,0
742,5,2) $100 - $200,131.01,0,1,Surburban,1,Phone,0,0
865,11,1) $0 - $100,82.57,1,0,Surburban,0,Phone,1,0
866,4,1) $0 - $100,80.5,1,0,Rural,0,Web,1,0
867,5,3) $200 - $350,297.13,1,1,Rural,0,Multichannel,1,0
868,3,1) $0 - $100,57.45,0,1,Rural,1,Phone,1,0
1580,5,2) $100 - $200,132.61,1,0,Rural,0,Web,0,0
870,1,4) $350 - $500,417.34,1,1,Surburban,0,Phone,1,0
2005,5,2) $100 - $200,135.09,0,1,Surburban,1,Phone,0,0
984,5,2) $100 - $200,135.64,1,0,Urban,0,Web,0,0
803,5,2) $100 - $200,138.38,1,0,Surburban,1,Web,0,0
517,5,2) $100 - $200,140.74,0,1,Urban,0,Web,0,0
876,7,"6) $750 - $1,000",779.71,1,1,Surburban,1,Web,1,0
1643,5,2) $100 - $200,147.61,1,0,Rural,0,Phone,0,0
1183,5,2) $100 - $200,150.31,1,0,Surburban,1,Web,0,0
821,5,2) $100 - $200,156.8,1,0,Urban,0,Web,0,0
1960,5,2) $100 - $200,163.64,0,1,Surburban,1,Phone,0,0
882,1,"6) $750 - $1,000",804.15,1,1,Surburban,1,Multichannel,1,0
244,5,2) $100 - $200,172.67,0,1,Urban,1,Phone,0,0
1439,5,2) $100 - $200,178.24,1,0,Surburban,0,Phone,0,0
1114,5,2) $100 - $200,185.98,0,1,Surburban,1,Phone,0,0
1751,5,2) $100 - $200,192.77,0,1,Surburban,0,Phone,0,0
719,5,2) $100 - $200,195.82,1,0,Surburban,1,Phone,0,0
888,2,5) $500 - $750,584.37,1,0,Urban,1,Multichannel,1,0
1393,5,3) $200 - $350,212.17,1,1,Urban,0,Web,0,0
1039,5,3) $200 - $350,213.07,1,0,Surburban,1,Phone,0,0
692,5,3) $200 - $350,217.36,1,1,Urban,1,Multichannel,0,0
1559,5,3) $200 - $350,221.27,1,0,Surburban,0,Phone,0,0
1690,5,3) $200 - $350,244.34,0,1,Urban,1,Web,0,0
1638,5,3) $200 - $350,244.51,0,1,Urban,0,Web,0,0
110,5,3) $200 - $350,246.69,1,0,Surburban,1,Web,0,0
1488,5,3) $200 - $350,246.96,0,1,Surburban,0,Phone,0,0
592,5,3) $200 - $350,247.82,1,0,Urban,0,Phone,0,0
1307,5,3) $200 - $350,253.1,0,1,Urban,1,Phone,0,0
738,5,3) $200 - $350,266.53,0,1,Surburban,0,Phone,0,0
1385,5,3) $200 - $350,269.99,1,1,Surburban,0,Phone,0,0
901,1,4) $350 - $500,382.15,0,1,Urban,0,Phone,1,0
1748,5,3) $200 - $350,276.24,1,1,Urban,0,Multichannel,0,0
903,6,5) $500 - $750,743.62,1,1,Surburban,1,Phone,1,0
128,5,3) $200 - $350,280.42,0,1,Urban,1,Phone,0,0
1963,5,3) $200 - $350,296.12,1,1,Surburban,0,Phone,0,0
520,5,3) $200 - $350,297.99,0,1,Urban,1,Phone,0,0
164,5,3) $200 - $350,303.33,1,0,Urban,0,Web,0,0
1725,5,3) $200 - $350,312.66,0,1,Surburban,0,Phone,0,0
1918,5,3) $200 - $350,321.26,1,0,Urban,0,Phone,0,0
8,5,3) $200 - $350,326.32,0,1,Surburban,0,Web,0,0
1735,1,2) $100 - $200,189.49,1,0,Urban,0,Phone,1,0
1159,5,3) $200 - $350,334.19,1,1,Surburban,0,Phone,0,0
914,4,3) $200 - $350,240.49,1,0,Rural,0,Web,1,0
915,1,3) $200 - $350,250.58,1,1,Rural,1,Phone,1,0
802,5,3) $200 - $350,345.92,1,0,Rural,1,Phone,0,0
917,3,3) $200 - $350,249.32,1,1,Surburban,0,Phone,1,0
1275,5,4) $350 - $500,354.03,1,0,Urban,0,Web,0,0
835,5,4) $350 - $500,357.25,1,0,Surburban,1,Multichannel,0,0
1581,5,4) $350 - $500,363.8,0,1,Surburban,0,Phone,0,0
675,5,4) $350 - $500,395.12,1,0,Urban,0,Web,0,0
862,5,4) $350 - $500,403.95,0,1,Rural,0,Web,0,0
1472,5,4) $350 - $500,408,1,0,Surburban,0,Multichannel,0,0
1499,5,4) $350 - $500,425.1,1,0,Rural,1,Phone,0,0
1011,5,4) $350 - $500,438.33,0,1,Rural,1,Phone,0,0
1291,5,4) $350 - $500,438.98,1,1,Surburban,0,Phone,0,0
929,4,3) $200 - $350,253.87,1,1,Surburban,0,Web,1,0
237,5,4) $350 - $500,443.71,0,1,Surburban,0,Phone,0,0
501,5,4) $350 - $500,472.35,0,1,Surburban,1,Phone,0,0
734,5,4) $350 - $500,483.29,1,0,Urban,1,Web,0,0
1000,5,4) $350 - $500,494.26,1,1,Surburban,1,Phone,0,0
1088,5,5) $500 - $750,516.92,1,0,Urban,1,Multichannel,0,0
1990,5,5) $500 - $750,537.21,0,1,Urban,1,Multichannel,0,0
936,11,3) $200 - $350,273.47,1,1,Rural,0,Web,1,0
1882,5,5) $500 - $750,556.5,0,1,Rural,1,Web,0,0
398,5,5) $500 - $750,587.16,0,1,Urban,1,Phone,0,0
103,5,5) $500 - $750,652.17,0,1,Surburban,1,Multichannel,0,0
1193,5,5) $500 - $750,657.41,1,1,Urban,1,Web,0,0
1599,5,5) $500 - $750,687.62,1,1,Urban,1,Phone,0,0
169,5,5) $500 - $750,728.99,1,0,Urban,1,Web,0,0
1583,5,5) $500 - $750,748.59,1,0,Surburban,1,Phone,0,0
282,5,"6) $750 - $1,000",779.99,1,0,Rural,1,Multichannel,0,0
347,5,"6) $750 - $1,000",828.42,1,0,Surburban,1,Multichannel,0,0
1003,5,"6) $750 - $1,000",889.94,0,1,Urban,1,Web,0,0
42,5,"6) $750 - $1,000",958.92,1,1,Urban,1,Multichannel,0,0
1852,5,"7) $1,000 +",1137.65,1,1,Urban,1,Multichannel,0,0
1885,5,"7) $1,000 +",1267.82,1,0,Rural,1,Web,0,0
190,5,"7) $1,000 +",1526.68,1,1,Urban,1,Phone,0,0
194,6,1) $0 - $100,29.99,1,0,Surburban,1,Phone,0,0
207,6,1) $0 - $100,29.99,1,0,Surburban,0,Web,0,0
956,3,2) $100 - $200,106.7,1,0,Urban,0,Phone,1,0
229,6,1) $0 - $100,29.99,0,1,Urban,0,Phone,0,0
435,6,1) $0 - $100,29.99,0,1,Urban,0,Phone,0,0
582,6,1) $0 - $100,29.99,1,0,Surburban,1,Phone,0,0
746,6,1) $0 - $100,29.99,0,1,Surburban,1,Web,0,0
788,6,1) $0 - $100,29.99,0,1,Surburban,1,Phone,0,0
1489,2,3) $200 - $350,202.17,0,1,Surburban,0,Web,1,0
1199,6,1) $0 - $100,29.99,0,1,Urban,1,Web,0,0
1407,6,1) $0 - $100,29.99,0,1,Surburban,1,Phone,0,0
1681,6,1) $0 - $100,29.99,0,1,Urban,1,Phone,0,0
1808,6,1) $0 - $100,29.99,1,0,Urban,1,Phone,0,0
1053,6,1) $0 - $100,30.01,1,0,Urban,1,Phone,0,0
417,6,1) $0 - $100,32.17,1,0,Urban,1,Phone,0,0
637,6,1) $0 - $100,33.23,1,0,Rural,0,Web,0,0
365,6,1) $0 - $100,40.07,1,0,Surburban,1,Phone,0,0
141,6,1) $0 - $100,42.23,0,1,Urban,0,Phone,0,0
975,3,1) $0 - $100,65.26,1,0,Urban,0,Web,1,0
1163,6,1) $0 - $100,46.21,0,1,Surburban,0,Web,0,0
977,5,1) $0 - $100,56.25,1,0,Rural,0,Web,1,0
112,6,1) $0 - $100,46.61,0,1,Surburban,1,Web,0,0
1181,6,1) $0 - $100,50.04,0,1,Surburban,0,Web,0,0
1006,6,1) $0 - $100,51.85,1,0,Surburban,1,Phone,0,0
1305,6,1) $0 - $100,53.02,1,0,Surburban,1,Phone,0,0
1873,6,1) $0 - $100,53.15,0,1,Urban,1,Web,0,0
1244,6,1) $0 - $100,57.93,1,0,Urban,1,Phone,0,0
667,6,1) $0 - $100,62.81,0,1,Urban,1,Phone,0,0
140,6,1) $0 - $100,62.85,1,0,Urban,1,Web,0,0
678,6,1) $0 - $100,64.47,1,0,Urban,0,Web,0,0
990,4,5) $500 - $750,553.91,0,1,Rural,1,Phone,1,0
1267,6,1) $0 - $100,65.1,1,0,Urban,0,Phone,0,0
992,2,"7) $1,000 +",1426.46,1,1,Surburban,1,Multichannel,1,0
993,1,3) $200 - $350,303.34,1,1,Urban,0,Web,1,0
405,6,1) $0 - $100,68.06,1,0,Rural,0,Web,0,0
995,4,3) $200 - $350,241.76,1,0,Surburban,0,Phone,1,0
996,10,4) $350 - $500,458.5,1,0,Urban,0,Web,1,0
1182,6,1) $0 - $100,69.92,0,1,Surburban,0,Phone,0,0
426,6,1) $0 - $100,70.28,1,0,Surburban,0,Phone,0,0
784,6,1) $0 - $100,74.78,1,0,Urban,1,Phone,0,0
29,6,1) $0 - $100,76.37,1,0,Surburban,0,Web,0,0
816,6,1) $0 - $100,77.22,0,1,Surburban,0,Phone,0,0
370,6,1) $0 - $100,78.69,0,1,Surburban,0,Phone,0,0
1823,6,1) $0 - $100,78.88,0,1,Surburban,0,Phone,0,0
568,6,1) $0 - $100,83.62,1,0,Urban,0,Phone,0,0
573,6,1) $0 - $100,85.48,1,0,Surburban,1,Web,0,0
538,12,3) $200 - $350,223.86,1,1,Surburban,0,Phone,1,0
76,6,1) $0 - $100,86.14,0,1,Surburban,1,Phone,0,0
2024,6,1) $0 - $100,92.22,1,0,Surburban,1,Web,0,0
1131,6,3) $200 - $350,223.93,1,1,Urban,1,Web,1,0
1766,6,1) $0 - $100,92.32,0,1,Urban,0,Phone,0,0
1103,6,1) $0 - $100,93.37,1,0,Surburban,1,Web,0,0
1015,9,3) $200 - $350,306.84,1,0,Rural,0,Web,1,0
1016,1,5) $500 - $750,535.33,1,1,Surburban,1,Phone,1,0
1017,6,2) $100 - $200,161.43,0,1,Surburban,0,Web,1,0
581,6,1) $0 - $100,94.68,0,1,Urban,0,Phone,0,0
620,6,1) $0 - $100,96.05,0,1,Urban,0,Phone,0,0
1020,12,2) $100 - $200,115.39,0,1,Surburban,0,Phone,1,0
1021,1,2) $100 - $200,148.41,1,0,Urban,0,Phone,1,0
1997,6,1) $0 - $100,97.9,0,1,Surburban,1,Phone,0,0
1023,10,1) $0 - $100,29.99,1,0,Urban,0,Web,1,0
1935,6,1) $0 - $100,98.76,0,1,Surburban,1,Web,0,0
258,6,1) $0 - $100,99.48,0,1,Urban,1,Phone,0,0
1650,6,2) $100 - $200,101.77,1,0,Rural,1,Phone,0,0
246,6,2) $100 - $200,104.43,1,0,Surburban,0,Phone,0,0
877,6,2) $100 - $200,105.87,1,0,Surburban,1,Web,0,0
930,6,2) $100 - $200,108.83,1,0,Urban,0,Phone,0,0
1972,6,2) $100 - $200,109.99,1,0,Urban,1,Web,0,0
1033,8,5) $500 - $750,568.72,1,0,Urban,1,Phone,1,0
205,6,2) $100 - $200,111.27,1,0,Surburban,0,Phone,0,0
1035,4,4) $350 - $500,419.7,1,0,Urban,0,Phone,1,0
902,6,2) $100 - $200,123.9,1,0,Urban,0,Phone,0,0
1168,6,2) $100 - $200,128.01,0,1,Urban,0,Web,0,0
1646,6,2) $100 - $200,130.03,1,0,Urban,1,Web,0,0
1876,6,2) $100 - $200,138.55,1,0,Rural,0,Phone,0,0
730,6,2) $100 - $200,139.87,0,1,Rural,1,Web,0,0
355,6,2) $100 - $200,142.99,1,0,Urban,1,Web,0,0
1856,6,2) $100 - $200,162.98,0,1,Surburban,0,Web,0,0
2035,6,2) $100 - $200,167.39,1,0,Surburban,0,Web,0,0
1047,12,1) $0 - $100,29.99,1,0,Rural,1,Phone,1,0
105,6,2) $100 - $200,176.26,1,0,Urban,0,Web,0,0
594,6,2) $100 - $200,178.07,1,0,Urban,0,Phone,0,0
1064,6,2) $100 - $200,181.74,0,1,Surburban,0,Phone,0,0
1051,2,5) $500 - $750,683.85,1,1,Urban,1,Multichannel,1,0
1052,1,2) $100 - $200,151.12,0,1,Urban,1,Phone,1,0
1527,6,2) $100 - $200,188.77,0,1,Surburban,1,Web,0,0
1208,6,2) $100 - $200,191.36,1,0,Urban,0,Phone,0,0
116,6,3) $200 - $350,206.3,1,0,Surburban,1,Phone,0,0
1869,6,3) $200 - $350,218.35,0,1,Urban,1,Web,0,0
1949,6,3) $200 - $350,225.42,1,0,Rural,0,Web,0,0
988,6,3) $200 - $350,227.05,1,1,Rural,0,Web,0,0
225,6,3) $200 - $350,227.98,0,1,Surburban,0,Multichannel,0,0
139,6,3) $200 - $350,232.94,1,0,Surburban,1,Multichannel,0,0
1062,9,1) $0 - $100,29.99,1,0,Surburban,0,Phone,1,0
1551,6,3) $200 - $350,235.83,1,0,Rural,1,Phone,0,0
1049,6,3) $200 - $350,238.02,0,1,Urban,0,Phone,0,0
1537,6,3) $200 - $350,265.2,1,0,Surburban,0,Phone,0,0
1066,10,3) $200 - $350,288.89,0,1,Urban,0,Phone,1,0
827,6,3) $200 - $350,314.76,0,1,Surburban,1,Web,0,0
1508,6,3) $200 - $350,316.79,1,0,Urban,0,Phone,0,0
1860,6,3) $200 - $350,323.18,1,0,Urban,1,Web,0,0
12,6,3) $200 - $350,333.21,1,0,Urban,1,Phone,0,0
1071,10,1) $0 - $100,68.85,1,0,Urban,1,Phone,1,0
111,6,3) $200 - $350,346.9,1,1,Surburban,0,Web,0,0
183,6,3) $200 - $350,347.91,1,0,Urban,1,Multichannel,0,0
318,6,4) $350 - $500,419.96,1,0,Urban,0,Phone,0,0
2060,6,4) $350 - $500,431.96,1,1,Surburban,0,Phone,0,0
1942,6,4) $350 - $500,435.45,1,0,Urban,1,Web,0,0
492,6,4) $350 - $500,439.53,1,1,Surburban,0,Multichannel,0,0
1755,6,4) $350 - $500,441.59,1,0,Rural,0,Multichannel,0,0
534,6,4) $350 - $500,466.29,1,0,Urban,1,Multichannel,0,0
353,6,5) $500 - $750,500.4,0,1,Surburban,1,Web,0,0
955,6,5) $500 - $750,507.25,0,1,Urban,1,Phone,0,0
1085,2,2) $100 - $200,134.95,1,0,Urban,0,Web,1,0
88,6,5) $500 - $750,549.78,1,0,Surburban,1,Web,0,0
1087,2,2) $100 - $200,101.64,0,1,Urban,0,Web,1,0
285,6,5) $500 - $750,568.88,1,1,Rural,1,Phone,0,0
1089,1,1) $0 - $100,29.99,0,1,Rural,0,Phone,1,0
2000,2,3) $200 - $350,240.17,1,1,Rural,0,Multichannel,1,0
266,6,5) $500 - $750,579.9,1,0,Urban,1,Multichannel,0,0
858,6,5) $500 - $750,629.32,0,1,Rural,1,Multichannel,0,0
1800,6,5) $500 - $750,640.19,1,1,Urban,1,Web,0,0
1067,6,"6) $750 - $1,000",769.8,1,0,Urban,1,Phone,0,0
1349,6,"6) $750 - $1,000",808.31,1,1,Surburban,1,Web,0,0
1298,6,"6) $750 - $1,000",833.65,1,1,Surburban,1,Web,0,0
1095,6,"7) $1,000 +",1261.23,1,1,Surburban,1,Web,0,0
189,7,1) $0 - $100,29.99,1,0,Surburban,1,Phone,0,0
252,7,1) $0 - $100,29.99,0,1,Rural,0,Web,0,0
352,7,1) $0 - $100,29.99,1,0,Surburban,0,Web,0,0
395,7,1) $0 - $100,29.99,1,0,Urban,0,Web,0,0
467,7,1) $0 - $100,29.99,0,1,Surburban,1,Web,0,0
1106,1,1) $0 - $100,96.4,1,0,Rural,1,Phone,1,0
1109,3,2) $100 - $200,101.69,1,0,Surburban,1,Web,1,0
1045,7,1) $0 - $100,29.99,1,0,Urban,1,Phone,0,0
1081,7,1) $0 - $100,29.99,1,0,Rural,1,Web,0,0
1150,7,1) $0 - $100,29.99,0,1,Rural,0,Phone,0,0
1012,4,3) $200 - $350,247.92,1,0,Urban,0,Web,1,0
1215,7,1) $0 - $100,29.99,0,1,Surburban,0,Web,0,0
1481,7,1) $0 - $100,29.99,0,1,Urban,1,Phone,0,0
1120,9,3) $200 - $350,270.06,1,0,Rural,0,Web,1,0
1556,7,1) $0 - $100,29.99,1,0,Urban,1,Phone,0,0
1564,7,1) $0 - $100,29.99,0,1,Surburban,1,Web,0,0
1603,7,1) $0 - $100,29.99,1,0,Urban,1,Web,0,0
1688,7,1) $0 - $100,29.99,1,0,Rural,1,Web,0,0
2025,7,1) $0 - $100,29.99,0,1,Urban,1,Phone,0,0
153,7,1) $0 - $100,30.79,1,0,Surburban,0,Web,0,0
1171,7,1) $0 - $100,32.85,1,0,Urban,1,Phone,0,0
710,7,1) $0 - $100,34.37,1,0,Surburban,0,Phone,0,0
757,9,3) $200 - $350,253.68,0,1,Rural,0,Multichannel,1,0
774,7,1) $0 - $100,39.78,0,1,Surburban,0,Web,0,0
766,7,1) $0 - $100,53.97,1,0,Rural,1,Phone,0,0
1135,2,5) $500 - $750,572.19,0,1,Urban,1,Multichannel,1,0
1772,7,1) $0 - $100,60.02,1,0,Surburban,1,Phone,0,0
1718,7,1) $0 - $100,61.86,1,0,Urban,1,Phone,0,0
1138,2,5) $500 - $750,548.43,1,1,Surburban,1,Multichannel,1,0
1576,7,1) $0 - $100,63.99,1,0,Surburban,0,Phone,0,0
1140,6,2) $100 - $200,178.37,1,0,Surburban,1,Web,1,0
1597,7,1) $0 - $100,63.99,1,0,Urban,0,Web,0,0
1281,7,1) $0 - $100,70.96,0,1,Surburban,1,Web,0,0
81,7,1) $0 - $100,78.06,0,1,Urban,0,Phone,0,0
136,7,1) $0 - $100,82.36,1,0,Urban,0,Web,0,0
817,7,1) $0 - $100,86.8,0,1,Urban,1,Phone,0,0
612,7,1) $0 - $100,87.98,0,1,Urban,1,Phone,0,0
1680,7,1) $0 - $100,88.05,0,1,Surburban,1,Phone,0,0
2043,7,1) $0 - $100,90.19,0,1,Urban,1,Web,0,0
463,7,1) $0 - $100,96.76,1,0,Urban,1,Web,0,0
1151,12,1) $0 - $100,29.99,1,0,Surburban,0,Phone,1,0
281,7,2) $100 - $200,106.24,0,1,Surburban,1,Web,0,0
1127,7,2) $100 - $200,112.51,0,1,Surburban,1,Web,0,0
1464,7,2) $100 - $200,128.5,0,1,Urban,1,Web,0,0
1452,7,2) $100 - $200,134.44,1,0,Urban,1,Phone,0,0
292,7,2) $100 - $200,134.66,1,0,Surburban,1,Web,0,0
626,7,2) $100 - $200,136.47,0,1,Surburban,1,Web,0,0
1160,1,4) $350 - $500,366.59,1,1,Surburban,0,Phone,1,0
1402,6,3) $200 - $350,260.39,0,1,Urban,0,Phone,1,0
1116,7,2) $100 - $200,139.53,1,0,Surburban,1,Web,0,0
786,7,2) $100 - $200,140.1,0,1,Urban,0,Phone,0,0
1558,7,2) $100 - $200,147.81,1,0,Surburban,1,Web,0,0
1687,7,2) $100 - $200,149.54,0,1,Surburban,1,Web,0,0
563,7,2) $100 - $200,153.17,1,0,Rural,0,Phone,0,0
1232,7,2) $100 - $200,156.81,0,1,Rural,0,Web,0,0
1172,9,2) $100 - $200,116.3,1,0,Rural,1,Web,1,0
1173,9,4) $350 - $500,483.16,1,1,Urban,0,Phone,1,0
688,7,2) $100 - $200,157.63,1,0,Urban,1,Phone,0,0
1245,7,2) $100 - $200,162.1,0,1,Surburban,1,Web,0,0
706,7,2) $100 - $200,164.44,0,1,Surburban,0,Web,0,0
913,7,2) $100 - $200,166.87,1,0,Urban,1,Phone,0,0
833,7,2) $100 - $200,171.12,1,0,Surburban,1,Web,0,0
1180,1,1) $0 - $100,29.99,1,0,Surburban,0,Phone,1,0
1804,7,2) $100 - $200,188.94,1,0,Surburban,1,Web,0,0
420,7,3) $200 - $350,213.26,1,1,Urban,1,Phone,0,0
1505,7,3) $200 - $350,213.77,1,0,Surburban,0,Web,0,0
498,7,3) $200 - $350,213.78,1,1,Surburban,0,Web,0,0
400,7,3) $200 - $350,223.96,1,0,Surburban,0,Multichannel,0,0
333,7,3) $200 - $350,225.75,0,1,Surburban,0,Phone,0,0
451,7,3) $200 - $350,226.69,0,1,Rural,1,Web,0,0
1189,1,2) $100 - $200,165.88,0,1,Rural,0,Phone,1,0
736,7,3) $200 - $350,234.91,0,1,Urban,0,Phone,0,0
423,7,3) $200 - $350,235.14,0,1,Urban,1,Phone,0,0
1370,7,3) $200 - $350,235.73,0,1,Urban,0,Phone,0,0
2008,7,3) $200 - $350,242.12,0,1,Surburban,1,Phone,0,0
1194,11,1) $0 - $100,50.4,1,0,Urban,0,Web,1,0
265,7,3) $200 - $350,242.44,0,1,Surburban,1,Web,0,0
1946,7,3) $200 - $350,248.71,1,0,Surburban,1,Phone,0,0
1623,7,3) $200 - $350,255.65,1,1,Rural,1,Web,0,0
1702,7,3) $200 - $350,257.4,0,1,Surburban,0,Web,0,0
1730,7,3) $200 - $350,259.23,1,0,Surburban,0,Phone,0,0
1040,7,3) $200 - $350,272.32,1,0,Surburban,1,Web,0,0
1202,8,3) $200 - $350,205.86,1,1,Urban,0,Web,1,0
1073,7,3) $200 - $350,291.57,0,1,Rural,1,Web,0,0
1974,7,3) $200 - $350,314.83,1,0,Surburban,1,Phone,0,0
424,7,3) $200 - $350,315.13,1,1,Rural,0,Web,0,0
1206,10,3) $200 - $350,334.84,1,1,Urban,0,Phone,1,0
1841,7,3) $200 - $350,319.03,1,1,Surburban,1,Phone,0,0
1647,7,3) $200 - $350,319.43,1,0,Urban,0,Web,0,0
1211,12,2) $100 - $200,108.83,1,0,Rural,0,Web,1,0
1352,7,3) $200 - $350,323.47,1,1,Surburban,0,Phone,0,0
1149,7,3) $200 - $350,329.26,0,1,Urban,0,Web,0,0
454,7,3) $200 - $350,330.82,1,0,Surburban,1,Phone,0,0
175,7,3) $200 - $350,338.62,1,0,Surburban,0,Web,0,0
797,7,3) $200 - $350,340.72,1,0,Urban,0,Web,0,0
693,7,3) $200 - $350,348.44,0,1,Surburban,1,Web,0,0
442,7,4) $350 - $500,350.62,1,0,Surburban,0,Web,0,0
1220,6,2) $100 - $200,147.95,0,1,Surburban,1,Phone,1,0
1221,10,3) $200 - $350,301.01,0,1,Urban,0,Phone,1,0
1222,11,1) $0 - $100,45.84,1,0,Urban,1,Web,1,0
1857,7,4) $350 - $500,362.95,0,1,Surburban,1,Phone,0,0
958,7,4) $350 - $500,406.7,0,1,Surburban,1,Phone,0,0
1226,3,1) $0 - $100,39.83,0,1,Urban,1,Phone,1,0
943,7,4) $350 - $500,409.76,1,1,Urban,0,Multichannel,0,0
259,7,4) $350 - $500,414.22,0,1,Surburban,0,Web,0,0
806,9,3) $200 - $350,288.23,0,1,Surburban,0,Multichannel,1,0
148,7,4) $350 - $500,454.87,0,1,Rural,0,Phone,0,0
1801,7,4) $350 - $500,457.33,1,1,Rural,0,Multichannel,0,0
2006,7,4) $350 - $500,465.72,1,0,Surburban,0,Web,0,0
1695,7,4) $350 - $500,481.56,1,0,Surburban,0,Web,0,0
981,7,4) $350 - $500,485.44,0,1,Surburban,0,Web,0,0
638,7,5) $500 - $750,508.18,1,0,Urban,1,Web,0,0
634,7,5) $500 - $750,520.43,0,1,Surburban,1,Web,0,0
1529,7,5) $500 - $750,548.74,0,1,Urban,1,Phone,0,0
319,7,5) $500 - $750,614.57,1,0,Surburban,1,Web,0,0
1513,7,5) $500 - $750,638.44,1,1,Rural,1,Web,0,0
681,7,5) $500 - $750,662.26,1,0,Urban,1,Multichannel,0,0
1043,7,"6) $750 - $1,000",758.59,0,1,Surburban,1,Web,0,0
72,8,1) $0 - $100,29.99,0,1,Rural,1,Phone,0,0
1247,2,1) $0 - $100,49.49,0,1,Urban,1,Web,1,0
104,8,1) $0 - $100,29.99,1,0,Urban,0,Web,0,0
438,8,1) $0 - $100,29.99,1,0,Urban,1,Phone,0,0
689,8,1) $0 - $100,29.99,0,1,Urban,1,Web,0,0
750,8,1) $0 - $100,29.99,0,1,Surburban,1,Web,0,0
1252,3,1) $0 - $100,36.68,1,0,Urban,0,Phone,1,0
884,8,1) $0 - $100,29.99,1,0,Urban,1,Phone,0,0
1063,8,1) $0 - $100,29.99,1,0,Surburban,1,Web,0,0
1083,8,1) $0 - $100,29.99,1,0,Urban,1,Web,0,0
1143,8,1) $0 - $100,29.99,1,0,Surburban,0,Phone,0,0
1574,8,1) $0 - $100,29.99,0,1,Surburban,0,Phone,0,0
1749,8,1) $0 - $100,29.99,0,1,Urban,1,Web,0,0
1263,11,2) $100 - $200,108.01,0,1,Urban,1,Web,1,0
1264,11,1) $0 - $100,62.99,1,0,Urban,1,Web,1,0
1265,5,1) $0 - $100,29.99,0,1,Surburban,0,Web,1,0
1532,8,1) $0 - $100,30.2,0,1,Surburban,0,Web,0,0
413,8,1) $0 - $100,31.52,0,1,Surburban,0,Web,0,0
1936,8,1) $0 - $100,32.56,1,0,Urban,0,Web,0,0
366,8,1) $0 - $100,33.41,0,1,Surburban,0,Phone,0,0
1372,8,1) $0 - $100,37.74,0,1,Surburban,1,Phone,0,0
1179,8,1) $0 - $100,42.88,1,0,Urban,1,Web,0,0
1575,8,1) $0 - $100,48.87,1,0,Surburban,1,Web,0,0
1005,8,1) $0 - $100,54.94,0,1,Urban,1,Web,0,0
359,8,1) $0 - $100,55.49,0,1,Rural,1,Phone,0,0
1175,8,1) $0 - $100,57.41,1,0,Surburban,1,Phone,0,0
1128,8,1) $0 - $100,58.24,0,1,Surburban,1,Phone,0,0
597,8,1) $0 - $100,58.28,0,1,Urban,0,Phone,0,0
1279,3,2) $100 - $200,119.49,0,1,Rural,0,Web,1,0
2054,8,1) $0 - $100,58.42,1,0,Urban,0,Phone,0,0
1994,8,1) $0 - $100,59.76,0,1,Urban,1,Web,0,0
752,8,1) $0 - $100,68.04,0,1,Surburban,0,Phone,0,0
1214,8,1) $0 - $100,69.52,1,0,Surburban,0,Web,0,0
1022,8,1) $0 - $100,74.06,0,1,Surburban,0,Phone,0,0
1285,6,1) $0 - $100,57.12,1,0,Urban,0,Phone,1,0
1676,4,3) $200 - $350,302.72,1,1,Urban,0,Web,1,0
392,8,1) $0 - $100,81.51,1,0,Surburban,0,Web,0,0
1155,8,1) $0 - $100,82.25,1,0,Surburban,0,Phone,0,0
203,8,1) $0 - $100,86.46,0,1,Surburban,0,Web,0,0
883,8,1) $0 - $100,92.13,0,1,Urban,1,Web,0,0
1294,8,4) $350 - $500,454.83,1,0,Surburban,0,Web,1,0
1909,8,2) $100 - $200,105.13,0,1,Urban,0,Phone,0,0
1297,3,2) $100 - $200,137.69,1,0,Urban,1,Phone,1,0
959,8,2) $100 - $200,107.08,0,1,Surburban,0,Web,0,0
666,8,2) $100 - $200,110.6,0,1,Surburban,0,Web,0,0
2015,8,2) $100 - $200,110.68,0,1,Surburban,0,Phone,0,0
212,8,2) $100 - $200,118.86,1,0,Surburban,1,Phone,0,0
635,8,2) $100 - $200,126.22,1,0,Urban,0,Phone,0,0
1303,11,2) $100 - $200,169.66,0,1,Surburban,0,Web,1,0
1940,8,2) $100 - $200,131.08,0,1,Surburban,0,Web,0,0
1612,8,2) $100 - $200,135.67,1,0,Rural,1,Web,0,0
787,8,2) $100 - $200,137.88,0,1,Surburban,0,Phone,0,0
840,8,2) $100 - $200,174.79,1,0,Surburban,0,Phone,0,0
1308,8,5) $500 - $750,668.22,1,1,Urban,1,Phone,1,0
1309,4,4) $350 - $500,408.44,1,0,Rural,0,Phone,1,0
279,8,2) $100 - $200,174.96,1,0,Surburban,1,Web,0,0
973,8,2) $100 - $200,177.62,0,1,Surburban,0,Phone,0,0
2016,8,2) $100 - $200,183.75,1,0,Rural,1,Web,0,0
1915,8,2) $100 - $200,183.85,0,1,Urban,0,Phone,0,0
477,8,2) $100 - $200,185.2,1,0,Surburban,1,Phone,0,0
367,8,2) $100 - $200,188.47,0,1,Surburban,0,Web,0,0
1522,8,3) $200 - $350,203.87,1,0,Surburban,0,Web,0,0
256,8,3) $200 - $350,204.35,1,0,Surburban,0,Multichannel,0,0
2063,8,3) $200 - $350,210.72,0,1,Surburban,1,Web,0,0
1310,8,3) $200 - $350,212.3,1,0,Surburban,0,Phone,0,0
2026,8,3) $200 - $350,215.83,1,0,Surburban,0,Phone,0,0
1360,8,3) $200 - $350,216.61,1,1,Urban,1,Phone,0,0
1910,8,3) $200 - $350,236.45,1,1,Surburban,1,Web,0,0
2034,8,3) $200 - $350,244.81,0,1,Rural,1,Phone,0,0
969,8,3) $200 - $350,246.15,1,0,Urban,0,Phone,0,0
728,8,3) $200 - $350,248.76,1,1,Surburban,0,Multichannel,0,0
1498,8,3) $200 - $350,251.61,1,1,Surburban,0,Web,0,0
900,8,3) $200 - $350,254.17,1,1,Urban,0,Multichannel,0,0
735,8,3) $200 - $350,258.39,0,1,Rural,0,Multichannel,0,0
599,8,3) $200 - $350,267.25,0,1,Surburban,0,Phone,0,0
1002,8,3) $200 - $350,268.17,0,1,Urban,0,Phone,0,0
1586,8,3) $200 - $350,286.21,1,1,Rural,1,Phone,0,0
1413,8,3) $200 - $350,289.55,1,0,Surburban,0,Multichannel,0,0
998,8,3) $200 - $350,301.9,1,0,Surburban,1,Web,0,0
603,3,3) $200 - $350,324.4,1,0,Surburban,0,Phone,1,0
1502,8,3) $200 - $350,336.76,0,1,Surburban,0,Phone,0,0
617,8,3) $200 - $350,338.12,1,1,Surburban,0,Web,0,0
1342,7,2) $100 - $200,107.41,1,0,Urban,1,Web,1,0
1495,8,3) $200 - $350,343.03,1,0,Rural,0,Multichannel,0,0
449,8,4) $350 - $500,361.95,1,1,Urban,0,Web,0,0
1376,8,4) $350 - $500,451.2,1,1,Surburban,1,Phone,0,0
659,8,4) $350 - $500,475.99,1,0,Rural,1,Web,0,0
1347,1,3) $200 - $350,206.08,1,0,Surburban,0,Multichannel,1,0
1591,8,4) $350 - $500,492.53,1,1,Rural,1,Phone,0,0
1840,8,5) $500 - $750,536.31,1,0,Surburban,1,Phone,0,0
1409,8,5) $500 - $750,543.7,1,0,Surburban,1,Phone,0,0
301,8,5) $500 - $750,575.62,1,1,Urban,1,Multichannel,0,0
433,8,5) $500 - $750,620.74,1,0,Urban,1,Web,0,0
180,8,5) $500 - $750,636.48,0,1,Urban,1,Web,0,0
96,8,5) $500 - $750,690.19,1,0,Urban,1,Phone,0,0
1327,8,5) $500 - $750,735.33,0,1,Surburban,1,Web,0,0
470,8,"6) $750 - $1,000",847.25,0,1,Surburban,1,Phone,0,0
700,8,"6) $750 - $1,000",861.02,1,0,Urban,1,Multichannel,0,0
1359,5,1) $0 - $100,29.99,0,1,Surburban,0,Web,1,0
1219,8,"6) $750 - $1,000",952.01,0,1,Surburban,1,Web,0,0
1998,8,"7) $1,000 +",1137.96,0,1,Surburban,1,Phone,0,0
3,9,1) $0 - $100,29.99,0,1,Surburban,1,Web,0,0
7,9,1) $0 - $100,29.99,1,0,Urban,0,Web,0,0
19,9,1) $0 - $100,29.99,1,0,Surburban,1,Phone,0,0
26,9,1) $0 - $100,29.99,0,1,Urban,0,Phone,0,0
123,9,1) $0 - $100,29.99,1,0,Surburban,0,Phone,0,0
130,9,1) $0 - $100,29.99,1,0,Rural,0,Web,0,0
334,9,1) $0 - $100,29.99,0,1,Rural,0,Web,0,0
415,9,1) $0 - $100,29.99,0,1,Urban,1,Web,0,0
434,9,1) $0 - $100,29.99,1,0,Surburban,1,Phone,0,0
614,9,1) $0 - $100,29.99,1,0,Surburban,1,Web,0,0
628,9,1) $0 - $100,29.99,0,1,Surburban,1,Web,0,0
1375,4,1) $0 - $100,63.31,0,1,Surburban,0,Phone,1,0
646,9,1) $0 - $100,29.99,1,0,Urban,1,Phone,0,0
1377,12,2) $100 - $200,126.46,0,1,Surburban,0,Phone,1,0
733,9,1) $0 - $100,29.99,1,0,Surburban,1,Web,0,0
760,9,1) $0 - $100,29.99,1,0,Surburban,1,Phone,0,0
811,9,1) $0 - $100,29.99,1,0,Urban,0,Phone,0,0
931,9,1) $0 - $100,29.99,1,0,Surburban,0,Phone,0,0
1126,9,1) $0 - $100,29.99,0,1,Urban,1,Phone,0,0
1384,3,1) $0 - $100,31.29,0,1,Rural,0,Phone,1,0
1284,9,1) $0 - $100,29.99,1,0,Surburban,0,Phone,0,0
1386,9,4) $350 - $500,384.43,0,1,Urban,0,Web,1,0
1334,9,1) $0 - $100,29.99,1,0,Urban,0,Web,0,0
1443,9,1) $0 - $100,29.99,0,1,Rural,1,Phone,0,0
1526,9,1) $0 - $100,29.99,0,1,Surburban,0,Phone,0,0
1550,9,1) $0 - $100,29.99,1,0,Urban,0,Web,0,0
1903,9,1) $0 - $100,29.99,1,0,Rural,0,Phone,0,0
1394,9,3) $200 - $350,272.39,0,1,Surburban,0,Phone,1,0
1395,2,"7) $1,000 +",1153.16,0,1,Urban,1,Multichannel,1,0
1953,9,1) $0 - $100,29.99,0,1,Surburban,1,Web,0,0
2018,9,1) $0 - $100,30.05,0,1,Surburban,1,Web,0,0
167,9,1) $0 - $100,33.25,1,0,Surburban,0,Phone,0,0
740,9,1) $0 - $100,33.62,1,0,Urban,1,Phone,0,0
329,9,1) $0 - $100,34.72,0,1,Surburban,0,Web,0,0
176,9,1) $0 - $100,35.89,1,0,Surburban,0,Phone,0,0
852,9,1) $0 - $100,36.84,0,1,Urban,0,Phone,0,0
1441,9,1) $0 - $100,38.69,1,0,Rural,0,Web,0,0
1870,9,1) $0 - $100,39.41,0,1,Urban,0,Phone,0,0
889,9,1) $0 - $100,39.78,1,0,Surburban,0,Phone,0,0
1141,9,1) $0 - $100,41.7,0,1,Surburban,1,Phone,0,0
39,9,1) $0 - $100,42.1,1,0,Surburban,1,Web,0,0
1414,1,1) $0 - $100,29.99,0,1,Surburban,0,Phone,1,0
1415,1,1) $0 - $100,74.45,0,1,Surburban,1,Phone,1,0
1659,9,1) $0 - $100,45.76,0,1,Surburban,1,Web,0,0
1528,9,1) $0 - $100,48.01,0,1,Rural,0,Phone,0,0
1986,9,1) $0 - $100,49.03,0,1,Surburban,1,Phone,0,0
1962,9,1) $0 - $100,49.75,1,0,Surburban,1,Phone,0,0
718,9,1) $0 - $100,52.38,0,1,Rural,1,Web,0,0
896,9,1) $0 - $100,56.54,0,1,Surburban,0,Web,0,0
743,9,1) $0 - $100,57.37,0,1,Rural,0,Phone,0,0
1424,3,4) $350 - $500,423.12,0,1,Surburban,0,Web,1,0
84,9,1) $0 - $100,57.38,0,1,Urban,1,Phone,0,0
408,9,1) $0 - $100,59.79,0,1,Urban,0,Phone,0,0
560,9,1) $0 - $100,59.89,1,0,Surburban,0,Web,0,0
1653,9,4) $350 - $500,355.17,0,1,Urban,0,Phone,1,0
844,9,1) $0 - $100,60.15,0,1,Surburban,0,Web,0,0
1519,9,1) $0 - $100,60.42,1,0,Surburban,0,Phone,0,0
1436,8,3) $200 - $350,245.81,1,1,Urban,0,Multichannel,1,0
1613,9,1) $0 - $100,61.26,0,1,Urban,0,Phone,0,0
586,9,1) $0 - $100,63.27,1,0,Surburban,1,Web,0,0
662,9,1) $0 - $100,64.49,0,1,Surburban,0,Web,0,0
1440,7,5) $500 - $750,500.21,0,1,Urban,1,Multichannel,1,0
1042,9,1) $0 - $100,64.66,0,1,Urban,0,Web,0,0
1246,9,1) $0 - $100,67.13,1,0,Rural,1,Web,0,0
1444,11,1) $0 - $100,29.99,1,0,Surburban,0,Web,1,0
1445,9,3) $200 - $350,301.15,1,1,Surburban,0,Phone,1,0
208,9,1) $0 - $100,72.55,1,0,Rural,0,Web,0,0
779,9,1) $0 - $100,72.89,1,0,Rural,1,Web,0,0
1367,9,1) $0 - $100,73.64,0,1,Surburban,0,Phone,0,0
1450,10,2) $100 - $200,133.94,1,0,Urban,0,Phone,1,0
841,9,1) $0 - $100,73.66,0,1,Urban,0,Web,0,0
657,9,1) $0 - $100,74,0,1,Surburban,0,Phone,0,0
654,9,1) $0 - $100,74.95,0,1,Urban,0,Phone,0,0
349,9,1) $0 - $100,75.01,1,0,Surburban,0,Phone,0,0
677,9,1) $0 - $100,77.65,1,0,Surburban,0,Web,0,0
1737,9,1) $0 - $100,78.62,1,0,Urban,0,Web,0,0
121,9,1) $0 - $100,80.06,0,1,Urban,0,Phone,0,0
1462,9,1) $0 - $100,29.99,0,1,Surburban,0,Phone,1,0
276,9,1) $0 - $100,82.97,1,0,Urban,1,Web,0,0
621,9,1) $0 - $100,83.45,1,0,Urban,0,Web,0,0
62,9,1) $0 - $100,85.83,1,0,Rural,0,Web,0,0
1467,2,5) $500 - $750,533.13,0,1,Surburban,1,Phone,1,0
342,9,1) $0 - $100,86.02,0,1,Urban,0,Phone,0,0
1345,9,1) $0 - $100,90.2,0,1,Surburban,1,Web,0,0
1492,9,1) $0 - $100,90.93,0,1,Rural,1,Phone,0,0
1433,9,1) $0 - $100,94.67,1,0,Urban,1,Web,0,0
516,9,1) $0 - $100,95.51,0,1,Urban,1,Phone,0,0
1592,9,1) $0 - $100,95.7,1,0,Urban,1,Phone,0,0
927,9,2) $100 - $200,100.86,1,0,Surburban,1,Phone,0,0
585,9,2) $100 - $200,104.2,1,0,Urban,1,Web,0,0
43,9,2) $100 - $200,108.25,0,1,Urban,0,Web,0,0
1478,6,1) $0 - $100,46.25,0,1,Urban,0,Web,1,0
1778,9,2) $100 - $200,108.59,1,0,Rural,1,Web,0,0
1480,8,3) $200 - $350,266.44,1,1,Rural,1,Web,1,0
708,9,2) $100 - $200,112.35,1,0,Rural,0,Web,0,0
1449,9,2) $100 - $200,113.6,0,1,Urban,1,Web,0,0
1366,9,2) $100 - $200,118.01,0,1,Surburban,0,Web,0,0
885,9,2) $100 - $200,126.66,1,0,Surburban,0,Web,0,0
1668,9,2) $100 - $200,127.41,0,1,Urban,0,Web,0,0
2027,9,2) $100 - $200,129.46,1,0,Urban,1,Phone,0,0
1453,4,4) $350 - $500,363.76,1,0,Surburban,0,Web,1,0
514,9,2) $100 - $200,131.26,1,0,Urban,1,Web,0,0
1210,9,2) $100 - $200,137.17,0,1,Urban,1,Phone,0,0
1691,9,2) $100 - $200,138.28,1,0,Urban,1,Web,0,0
1406,9,2) $100 - $200,139.3,1,0,Surburban,1,Phone,0,0
1747,9,2) $100 - $200,142.67,0,1,Urban,0,Web,0,0
1497,2,1) $0 - $100,70.94,1,0,Urban,0,Web,1,0
1446,9,2) $100 - $200,144.1,0,1,Urban,1,Phone,0,0
1094,9,2) $100 - $200,144.8,0,1,Surburban,0,Web,0,0
960,9,2) $100 - $200,151.22,1,0,Urban,0,Phone,0,0
1682,9,2) $100 - $200,152.55,0,1,Rural,1,Phone,0,0
1629,9,2) $100 - $200,152.62,1,0,Surburban,1,Phone,0,0
879,9,2) $100 - $200,154.15,0,1,Surburban,0,Web,0,0
672,9,2) $100 - $200,157.22,0,1,Rural,0,Phone,0,0
632,9,2) $100 - $200,158.49,1,0,Surburban,0,Web,0,0
1044,9,2) $100 - $200,166.23,0,1,Surburban,1,Phone,0,0
1509,12,1) $0 - $100,47.16,0,1,Urban,0,Web,1,0
555,9,2) $100 - $200,166.32,1,0,Surburban,1,Web,0,0
77,9,2) $100 - $200,172.14,0,1,Urban,0,Phone,0,0
1557,9,2) $100 - $200,173.61,1,0,Urban,1,Web,0,0
165,9,2) $100 - $200,174.77,0,1,Urban,1,Phone,0,0
651,9,2) $100 - $200,176.29,0,1,Urban,0,Web,0,0
32,9,2) $100 - $200,180.37,0,1,Surburban,0,Web,0,0
1995,9,2) $100 - $200,180.86,0,1,Urban,1,Phone,0,0
871,9,2) $100 - $200,185.43,1,0,Urban,0,Web,0,0
1947,9,2) $100 - $200,188.42,1,0,Surburban,0,Phone,0,0
1288,9,2) $100 - $200,194.16,0,1,Surburban,0,Phone,0,0
846,9,2) $100 - $200,197.38,1,0,Surburban,1,Phone,0,0
1516,9,2) $100 - $200,199.38,0,1,Urban,1,Phone,0,0
6,9,3) $200 - $350,200.04,0,1,Surburban,1,Phone,0,0
572,9,3) $200 - $350,205.33,1,0,Surburban,1,Multichannel,0,0
1525,5,1) $0 - $100,82.75,1,0,Surburban,0,Phone,1,0
418,9,3) $200 - $350,211.66,1,0,Urban,1,Phone,0,0
1361,9,3) $200 - $350,213.11,1,0,Surburban,0,Multichannel,0,0
1092,9,3) $200 - $350,215.07,1,0,Surburban,1,Web,0,0
1775,9,3) $200 - $350,215.4,1,1,Urban,1,Web,0,0
1185,9,3) $200 - $350,220.51,1,0,Urban,0,Multichannel,0,0
443,9,3) $200 - $350,225.54,1,1,Urban,0,Web,0,0
403,9,3) $200 - $350,229.75,1,0,Rural,0,Phone,0,0
845,9,3) $200 - $350,234.2,1,0,Urban,1,Web,0,0
369,9,3) $200 - $350,235.59,1,0,Surburban,0,Web,0,0
1048,9,3) $200 - $350,235.97,0,1,Surburban,1,Phone,0,0
610,9,3) $200 - $350,236.93,1,1,Urban,0,Phone,0,0
1920,9,3) $200 - $350,243.92,1,1,Surburban,0,Phone,0,0
1031,9,3) $200 - $350,253.64,1,0,Urban,1,Phone,0,0
1539,2,2) $100 - $200,121.95,1,0,Surburban,0,Web,1,0
1408,9,3) $200 - $350,255.32,0,1,Surburban,1,Multichannel,0,0
1524,9,3) $200 - $350,256.59,1,1,Urban,1,Web,0,0
1824,9,3) $200 - $350,260.63,1,1,Urban,0,Web,0,0
1476,9,3) $200 - $350,289.26,1,1,Surburban,1,Web,0,0
1086,9,3) $200 - $350,295.93,1,0,Surburban,1,Phone,0,0
1459,9,3) $200 - $350,302.52,1,0,Urban,0,Phone,0,0
1704,9,3) $200 - $350,304.18,0,1,Surburban,0,Phone,0,0
1099,9,3) $200 - $350,314.36,0,1,Urban,0,Phone,0,0
1100,9,3) $200 - $350,324.84,0,1,Urban,1,Multichannel,0,0
1014,9,3) $200 - $350,329.05,0,1,Surburban,0,Multichannel,0,0
236,9,3) $200 - $350,332.53,0,1,Surburban,1,Web,0,0
851,9,3) $200 - $350,334.24,1,0,Urban,0,Web,0,0
739,9,3) $200 - $350,335.68,1,0,Surburban,0,Multichannel,0,0
2004,9,3) $200 - $350,341.62,1,0,Surburban,0,Multichannel,0,0
686,9,3) $200 - $350,341.8,1,1,Rural,1,Multichannel,0,0
1902,9,4) $350 - $500,367.17,1,0,Urban,0,Phone,0,0
1122,9,4) $350 - $500,370.94,1,1,Urban,0,Multichannel,0,0
465,9,4) $350 - $500,370.96,1,1,Urban,1,Web,0,0
1999,9,4) $350 - $500,399.22,1,0,Surburban,0,Web,0,0
475,9,4) $350 - $500,400.01,1,0,Surburban,0,Web,0,0
916,9,4) $350 - $500,428.74,0,1,Urban,0,Phone,0,0
1622,9,4) $350 - $500,428.99,1,0,Urban,0,Multichannel,0,0
1566,5,4) $350 - $500,402.18,0,1,Urban,0,Multichannel,1,0
1156,2,4) $350 - $500,389.37,1,0,Urban,0,Phone,1,0
1078,9,4) $350 - $500,431.67,1,0,Surburban,0,Phone,0,0
388,9,4) $350 - $500,433.89,0,1,Rural,0,Phone,0,0
491,9,5) $500 - $750,506.83,1,0,Rural,1,Multichannel,0,0
1571,1,4) $350 - $500,406.29,0,1,Urban,1,Web,1,0
503,9,5) $500 - $750,530.75,1,1,Surburban,1,Phone,0,0
1839,9,5) $500 - $750,535.17,0,1,Surburban,1,Web,0,0
416,9,5) $500 - $750,544.67,1,1,Urban,1,Web,0,0
92,9,5) $500 - $750,666.57,1,1,Urban,1,Web,0,0
1868,9,5) $500 - $750,675.07,1,1,Rural,1,Phone,0,0
1568,9,5) $500 - $750,675.83,1,0,Rural,1,Web,0,0
1145,9,5) $500 - $750,705.42,0,1,Urban,1,Phone,0,0
161,9,5) $500 - $750,718.97,0,1,Rural,1,Multichannel,0,0
391,9,5) $500 - $750,732.93,0,1,Rural,1,Multichannel,0,0
1162,9,"6) $750 - $1,000",780.28,0,1,Surburban,1,Multichannel,0,0
1831,9,"6) $750 - $1,000",935.71,1,0,Rural,1,Multichannel,0,0
485,9,"7) $1,000 +",1172.42,1,1,Surburban,1,Web,0,0
1588,9,4) $350 - $500,383.77,0,1,Surburban,1,Phone,1,0
34,10,1) $0 - $100,29.99,0,1,Surburban,1,Phone,0,0
143,10,1) $0 - $100,29.99,0,1,Surburban,1,Phone,0,0
159,10,1) $0 - $100,29.99,1,0,Surburban,1,Web,0,0
186,10,1) $0 - $100,29.99,1,0,Urban,0,Web,0,0
209,10,1) $0 - $100,29.99,0,1,Urban,1,Phone,0,0
283,10,1) $0 - $100,29.99,1,0,Surburban,1,Web,0,0
1598,9,1) $0 - $100,78.72,0,1,Surburban,1,Web,1,0
337,10,1) $0 - $100,29.99,1,0,Surburban,1,Web,0,0
450,10,1) $0 - $100,29.99,1,0,Surburban,0,Web,0,0
1601,8,1) $0 - $100,87.77,1,0,Surburban,0,Phone,1,0
1602,3,2) $100 - $200,107.45,1,0,Surburban,1,Web,1,0
604,10,1) $0 - $100,29.99,0,1,Surburban,1,Phone,0,0
627,10,1) $0 - $100,29.99,0,1,Surburban,1,Web,0,0
715,10,1) $0 - $100,29.99,1,0,Surburban,0,Phone,0,0
863,10,1) $0 - $100,29.99,0,1,Urban,0,Web,0,0
864,10,1) $0 - $100,29.99,0,1,Surburban,1,Phone,0,0
1610,3,3) $200 - $350,347,1,0,Surburban,1,Multichannel,1,0
1611,2,1) $0 - $100,48.43,1,0,Rural,0,Web,1,0
980,10,1) $0 - $100,29.99,1,0,Surburban,0,Web,0,0
1029,10,1) $0 - $100,29.99,0,1,Surburban,1,Web,0,0
1060,10,1) $0 - $100,29.99,1,0,Surburban,1,Phone,0,0
1079,10,1) $0 - $100,29.99,1,0,Surburban,1,Web,0,0
1617,12,1) $0 - $100,91.94,0,1,Surburban,1,Phone,1,0
1115,10,1) $0 - $100,29.99,0,1,Surburban,0,Web,0,0
1125,10,1) $0 - $100,29.99,0,1,Surburban,1,Web,0,0
1620,7,2) $100 - $200,108.31,0,1,Urban,0,Phone,1,0
1144,10,1) $0 - $100,29.99,1,0,Urban,0,Web,0,0
1154,10,1) $0 - $100,29.99,1,0,Urban,1,Web,0,0
1625,1,2) $100 - $200,179.53,0,1,Surburban,1,Web,1,0
1186,10,1) $0 - $100,29.99,0,1,Surburban,1,Web,0,0
1627,6,3) $200 - $350,231.45,1,1,Urban,0,Phone,1,0
1233,10,1) $0 - $100,29.99,1,0,Urban,1,Phone,0,0
1321,10,1) $0 - $100,29.99,0,1,Urban,0,Phone,0,0
1390,10,1) $0 - $100,29.99,1,0,Rural,0,Phone,0,0
1396,10,1) $0 - $100,29.99,0,1,Urban,0,Web,0,0
1437,10,1) $0 - $100,29.99,0,1,Rural,0,Web,0,0
1541,10,1) $0 - $100,29.99,0,1,Rural,0,Web,0,0
1569,10,1) $0 - $100,29.99,0,1,Surburban,1,Phone,0,0
1649,10,1) $0 - $100,29.99,0,1,Rural,1,Phone,0,0
1669,10,1) $0 - $100,29.99,0,1,Surburban,1,Phone,0,0
1692,10,1) $0 - $100,29.99,1,0,Urban,0,Web,0,0
1641,3,5) $500 - $750,740.04,1,0,Surburban,1,Multichannel,1,0
1642,10,5) $500 - $750,520.5,1,1,Surburban,1,Multichannel,1,0
1738,10,1) $0 - $100,29.99,1,0,Surburban,1,Web,0,0
1925,10,1) $0 - $100,29.99,0,1,Rural,1,Phone,0,0
1988,10,1) $0 - $100,29.99,1,0,Rural,1,Web,0,0
1683,10,1) $0 - $100,31.46,1,0,Urban,1,Phone,0,0
1648,10,2) $100 - $200,180.8,0,1,Surburban,1,Web,1,0
1941,10,1) $0 - $100,34.97,1,0,Surburban,0,Phone,0,0
1344,10,1) $0 - $100,35.9,0,1,Rural,0,Web,0,0
1506,10,1) $0 - $100,39.3,1,0,Surburban,1,Web,0,0
2056,10,1) $0 - $100,39.89,1,0,Urban,0,Web,0,0
1932,10,1) $0 - $100,40.95,0,1,Surburban,0,Phone,0,0
360,10,1) $0 - $100,41.6,1,0,Surburban,0,Web,0,0
1304,10,1) $0 - $100,41.89,1,0,Surburban,1,Phone,0,0
1664,10,5) $500 - $750,533.21,1,1,Rural,1,Phone,1,0
372,10,1) $0 - $100,44.27,0,1,Urban,0,Phone,0,0
86,10,1) $0 - $100,44.74,0,1,Surburban,1,Web,0,0
40,10,1) $0 - $100,45.82,1,0,Surburban,1,Phone,0,0
549,10,1) $0 - $100,46.19,0,1,Rural,1,Phone,0,0
1621,10,1) $0 - $100,46.54,1,0,Rural,1,Phone,0,0
511,10,1) $0 - $100,47.76,1,0,Surburban,1,Phone,0,0
1311,10,1) $0 - $100,48.04,1,0,Urban,1,Web,0,0
